0.66439745133555,0.664074122905356,0.664021744049356,0.663959094886421,0.663163209414855,0.662918225316346,0.663861125266138,0.663969389343039,0.663855796200624,0.663969965663257,0.663715736614826,0.663745576127095,0.663314813436728,0.664071141161732,0.66407815288494,0.663951764351687,0.662548517909546,0.663931291760521,0.663992532158009,0.663555730636985,0.664592397602628,0.66392045315597,0.6639343878854,0.66408246896885,0.664445939039848,0.664008213341309,0.663965135717345,0.664038108204775,0.663997298785005,0.663470056530759,0.663613613085854,0.664376789166885,0.664115445747435,0.664099063492684,0.664118602190416,0.664277339516541,0.66343928639389,0.664133426459882,0.661958787516937,0.664408349658424
0.374801713232233,0.374687039036078,0.374633727448854,0.374630577168841,0.374541556198876,0.374541491020746,0.374540878107897,0.37454092518053,0.374539819160676,0.374442325221669,0.37443834578614,0.374434253132896,0.374434895514818,0.374435620405307,0.374442033526035,0.374432493494796,0.374444818871652,0.374432291596731,0.374437763776711,0.374349479141745,0.374348682287334,0.374372879728536,0.374322600998782,0.374351426138881,0.374343739058376,0.374347021411026,0.374346511794229,0.374343764743829,0.374352246113379,0.374304739695027,0.374304356403906,0.374299136136422,0.374303797923355,0.374290029906522,0.374299373151014,0.374166123146381,0.374167002749303,0.374166813756982,0.374163982881982,0.374164416863851
0.421425285877392,0.419610956650648,0.418117461264366,0.418389807394911,0.417764715736705,0.416970926132149,0.416491621478767,0.416442030441653,0.413777574995947,0.416333036041365,0.413381252994197,0.41421050917912,0.414816328059108,0.411398697328438,0.414612033334208,0.415910668792106,0.415496560072653,0.414173510811855,0.415971428001589,0.420777437176587,0.41220433490276,0.413317394966088,0.414913069986948,0.413735038112915,0.417020229075195,0.415573031604423,0.415467111405576,0.413607299676197,0.414029325161839,0.413258052737809,0.412773377840244,0.413775936972673,0.412030295470864,0.410907110676201,0.417589949017647,0.412135213036198,0.412662429802921,0.412657277314375,0.413218066724207,0.412645811650027
0.709688633717868,0.708853462551115,0.708256238437017,0.124967145722573,0.118027401782818,0.116701870603155,0.121693511250261,0.113862074741492,0.110330095406187,0.108997622321043,0.108796927062903,0.109122037562266,0.108706163274037,0.108638224550385,0.108562090971829,0.111584966122415,0.111615450463183,0.108582203000378,0.107804409155404,0.107634037441993,0.10981425436418,0.108363184910706,0.109685644671922,0.107523849397999,0.105762018393047,0.106951867492983,0.105748128482091,0.10572762316855,0.105741054395179,0.104299965037105,0.104176163290787,0.108130639998241,0.104173771231352,0.109272085950179,0.104010012664296,0.105736578363291,0.102148247216289,0.106917536938812,0.102155690167927,0.102059307201506
0.124995161922464,0.124995848518305,0.125011672924164,0.125000803168699,0.124995247030162,0.125164015682575,0.125192880114312,0.1254347332044,0.12535785213833,0.125367256697686,0.125347618785082,0.125504287500921,0.125731587578811,0.125604315186517,0.125623577397216,0.125618740997349,0.125665463474527,0.125648758043822,0.125743602684738,0.125681314564669,0.125622456975445,0.125676911514705,0.125667548467505,0.125641749279362,0.125677750314433,0.125763400022674,0.125667182339132,0.125751568010397,0.125607522563506,0.125667577355504,0.125609122821433,0.126004772935622,0.12565125913597,0.126518849405654,0.125263022888298,0.125607554469783,0.125726576623085,0.126745959302304,0.125698551685501,0.125631955297289
0.309516706853658,0.308455251881531,0.30792081161888,0.307872960638309,0.307951869080993,0.308004956573389,0.307371030701273,0.308033913684121,0.30803480222775,0.307976925057608,0.308047547914858,0.308047690166814,0.308040785807356,0.302692637722332,0.308041779913593,0.308040572782062,0.308047867291992,0.308051517064125,0.308055204045227,0.308027130436342,0.308026274467038,0.30802766538075,0.308026863907866,0.308027910438008,0.307882491216035,0.307891602819434,0.307891566514349,0.307891514769426,0.307892653799875,0.307892666752673,0.307893285471945,0.307893258238574,0.30688720179932,0.307860352759391,0.307859806697815,0.307859994448866,0.307649953429216,0.307114174089169,0.307645864338115,0.307647433242785
1.36683287768784,0.540605756812647,0.5402059951238,0.533731774871984,0.517177248880307,0.518126564876609,0.51121570525563,0.518856235436948,0.518856654051568,0.518850853984259,0.518848452972504,0.518040287499147,0.516558061038707,0.519404141692084,0.519604776177336,0.519521722240974,0.519194423080738,0.519189349388348,0.51483570588629,0.518619185626214,0.518443351605336,0.51757819198831,0.517608858453128,0.5176783203356,0.517670541223538,0.517672631570064,0.513688066281819,0.517663581258605,0.514135493970902,0.517665980761548,0.51766290672367,0.51766127454574,0.517427984909839,0.517665785262437,0.51765407487879,0.517649848219271,0.517647561988184,0.517181903836002,0.515073023030128,0.515085514709399
0.137993174497288,0.138532435577896,0.138524196149625,0.138880442917721,0.138739608421028,0.140593436351749,0.14057071320189,0.141413409475761,0.141370925372831,0.141339112941043,0.141363319529678,0.141367426884578,0.141632443417605,0.141659733025072,0.141610607433865,0.141873148113013,0.141626286630626,0.141846578200219,0.141657924521539,0.142664231499341,0.14139557448533,0.143617505021157,0.143876692808869,0.14308864892768,0.143329661261333,0.143427472604135,0.144039799835566,0.143445467286366,0.143488838135653,0.14344375099206,0.14344134733476,0.143171703156978,0.143509987893726,0.143937277924327,0.144202485237504,0.144427384665738,0.144427107764559,0.144427940839161,0.144413636974308,0.14394592113425
0.244169446508875,0.244314229690314,0.244465804145092,0.244472534187316,0.24448192969281,0.244485678426338,0.244540502575268,0.244555295357436,0.244559976793211,0.244556944414039,0.244585668124513,0.244585902224048,0.244587006555913,0.244587395952915,0.244589885642618,0.244589464545425,0.244589866697485,0.244589667357419,0.244589581886962,0.244594778272094,0.245874588510324,0.24459470186375,0.244594809808035,0.24459562685423,0.24459741593876,0.244597412640877,0.244586575438264,0.244579955143237,0.244591390799676,0.245695934199922,0.2445913875462,0.244591384286138,0.24459208686205,0.244591528762562,0.244592098728811,0.244591342381074,0.244593049717397,0.244592273702316,0.244557261059067,0.244557427205538
0.0312095231272102,0.0282745291151377,0.0235024345869472,0.0233430192529875,0.0233601662534097,0.0233748720773078,0.0233848176173486,0.0233848976572394,0.0230163397621428,0.0230373004631384,0.0230584028263818,0.0230570298104913,0.0230601587824489,0.0230568448755875,0.0230611700287292,0.0230773641264181,0.0228352035594234,0.0228646914124198,0.0228686150939874,0.0228616627743319,0.0228683631958725,0.0228399331516752,0.0228391739343166,0.0229002284101848,0.0228434915979104,0.022837151512326,0.0228362719667371,0.0228430875111636,0.0227822595499404,0.0228733818212526,0.0228706435914712,0.0229547702587485,0.0228290034900725,0.0228268418579633,0.022812559071781,0.02273862409477,0.0226926888936382,0.0226720628584554,0.0227409332738172,0.0228392304263637
0.307898782831409,0.307858419557307,0.3078514718802,0.30792550354493,0.307830775400307,0.307845836228371,0.307842695324582,0.307784555296388,0.304150480846235,0.307722676230306,0.305784471320976,0.307833858847998,0.307800001754671,0.307845523331828,0.307808553621032,0.305233656393708,0.307808781983646,0.307438731604763,0.307807878503207,0.30777274455178,0.307808005330822,0.30780465389821,0.307254029848143,0.307804597191212,0.305333609488059,0.305539695732853,0.307740746497238,0.30773685514602,0.30773722902476,0.307737319479538,0.307737325611837,0.307737550325888,0.307737647471716,0.307737515276373,0.307522362906511,0.307737492986707,0.307738083052221,0.307736935543007,0.307736503453353,0.307736966306932
0.239140442838022,0.319327970577973,0.300294282790656,0.300292857151197,0.300289331380648,0.30001611043359,0.299067261065751,0.300146297028272,0.300143650068488,0.300143230120907,0.305547647428878,0.305604541673183,0.304263235203728,0.3053135839145,0.305410809801753,0.305410961441922,0.303341770199735,0.305404051199032,0.301268755478385,0.305440190525308,0.30395429644484,0.302377522276866,0.303954954835291,0.303954493856334,0.303942947060153,0.304232239195623,0.288760390004138,0.302526068601709,0.304135384017995,0.295048778719195,0.295185487006944,0.295183512228444,0.291036180169426,0.295133967962857,0.295169084824946,0.663895774338563,0.291922639630147,0.291796083055519,0.291922517951829,0.291915749101601
0.0723920156316089,0.0382390893191826,0.0315414730112716,0.0408651785687643,0.0408666454003705,0.0408693681482058,0.0408762507160713,0.0408654725362548,0.0408925532407934,0.0409927901344849,0.0409921364331692,0.0409901830219666,0.0411975770861283,0.0411993810607163,0.0412694046730636,0.0318479863548573,0.0315652241029711,0.0412805033101655,0.0322333622245515,0.0305811040409241,0.0309256502067688,0.0317677626840171,0.031710585950379,0.0316918876392328,0.0312998805202346,0.0319571509037826,0.0317350095982534,0.0322214375667819,0.031748978925994,0.0314730159705462,0.0315045603852073,0.0312919096386887,0.0412134935684175,0.0412075309442183,0.0412123643404465,0.0409231100773445,0.0412996360807514,0.0311538732871208,0.0412634709965839,0.041210365126177
0.168239667302303,0.144459149060164,0.118436841834748,0.131968626509784,0.131959148666538,0.1303305396897,0.128995296664541,0.124365183772588,0.122702410709031,0.122950514634434,0.122956368149069,0.122922997122116,0.125428413761628,0.125520696707804,0.12551497506337,0.125210158734973,0.125676117055406,0.125716891664669,0.125757077410262,0.125756768601927,0.12573046732249,0.123809105957898,0.125729038288877,0.124169540846989,0.11319739744847,0.124466420672592,0.124258843998283,0.124246898671842,0.124246090826245,0.123562577952778,0.123597517257577,0.109376449596694,0.109381606100569,0.109379794552209,0.109377247147937,0.109382933407219,0.111746441298025,0.111748358529841,0.111745787212078,0.08555278803767
0.271548826024675,0.271547382176287,0.27154896683696,0.271564784377941,0.27155246025974,0.271569146611997,0.271552519002129,0.271555449348688,0.271572458744535,0.271572547726279,0.271572548046965,0.271572095326884,0.271572674006769,0.271572745509905,0.271572745171964,0.271572608258013,0.271581817294865,0.271581195740553,0.27133370741215,0.271582121127286,0.271582684756096,0.271582848683928,0.27158193815988,0.27158284792123,0.271352375312117,0.271582656116751,0.271581815510696,0.271581804239442,0.271581774349152,0.271487598242242,0.271582627160518,0.271581685574464,0.27158165823141,0.271581627463145,0.271582856518324,0.271592734942854,0.271592714344841,0.271592674702032,0.271592645058498,0.271592614916072
0.726585246257599,0.15706681046075,0.180183748309364,0.178746430294372,0.168274529419279,0.365043323563683,0.164297308036304,0.160066396790502,0.158307460718482,0.151918534547861,0.162642001909306,0.149900516010614,0.167942992362243,0.18391314888824,0.149660840278566,0.160520554751177,0.150944972140309,0.16486792150751,0.169571705681633,0.149921295266404,0.639447325828404,0.64007180384834,0.641239760743041,0.640016724881047,0.637587687374401,0.636561082674779,0.638237815993749,0.638331763723301,0.640324095516499,0.639161801777345,0.639392541498278,0.623608633721128,0.632994714695789,0.179640142718494,0.644411459611544,0.644392493825571,0.644040393021569,0.641798113341498,0.643945159350664,0.643721106780346
0.660776788290233,0.658614431821123,0.658412827389846,0.657814432196632,0.657792760316256,0.657777177524357,0.657764236068399,0.657422996043817,0.657418503081978,0.657421031306483,0.657423554520804,0.657370438520381,0.657399697836415,0.65739576818648,0.658021981876851,0.657397648264099,0.657352969860927,0.657394976929478,0.65779473652167,0.65738308867408,0.65740404271907,0.657350923286503,0.657415634967638,0.657367999379186,0.657398318628944,0.657412884194395,0.657420545471698,0.657842061234243,0.657411020287297,0.65741307036148,0.657412002161097,0.657458715263502,0.657823092764782,0.657828796615911,0.657410767975926,0.657418945793789,0.657842204263839,0.657422184627604,0.657418066606713,0.65791753865366
0.603960881090968,0.603787584077969,0.604362152263403,0.604393965932766,0.604405461739826,0.604512185252501,0.603126161050454,0.604579485067371,0.604510760213147,0.604624575410201,0.604628051936837,0.604636601197861,0.604525912373095,0.604643449595198,0.604654514291049,0.604656345519848,0.604656120565273,0.60465978332114,0.604515213147323,0.604663984305886,0.604664510955921,0.604664338310755,0.604663315291003,0.604663994021892,0.603867891807226,0.604667066938413,0.60363649989533,0.604674309782674,0.603789498235208,0.602101914431745,0.60468373269238,0.604682962131839,0.604681342424269,0.603711388258885,0.604690222152456,0.60469556882687,0.604698207415948,0.60320625869452,0.602165906864447,0.604696393241082
0.502513435029485,0.271895856165063,0.271835873176017,0.271751937730713,0.271733781851832,0.271287734136598,0.271286323338547,0.271332581328893,0.271287210314371,0.271266665462137,0.271169333056794,0.27116460620888,0.271190950019658,0.270935892770423,0.270924190726234,0.270913565003884,0.27044514214943,0.270433896600808,0.270443520106936,0.270468171885411,0.270367553488757,0.270437550495638,0.270462420127159,0.270431281366317,0.270563942083935,0.270412248505197,0.270443162272313,0.270451885943217,0.270439934271266,0.270355277220535,0.270356845732174,0.270197063441566,0.270338676192151,0.270288911025352,0.270102957855978,0.270340349075371,0.270299443046657,0.27040197320008,0.269974862744938,0.269830364475384
0.202689043170995,0.202665886121993,0.202769271861547,0.202766480020749,0.202758203051112,0.202782851647387,0.20278252472891,0.202781751369189,0.202898111871873,0.202898526525127,0.202898667455085,0.20289813043662,0.202968070272905,0.203082353874896,0.203082779846845,0.203081733856471,0.203081696608476,0.203081733959092,0.203124231409052,0.203124408344657,0.203122976661927,0.203123445959627,0.203177829959396,0.203176308098435,0.203176270200992,0.202971887931567,0.203181360100344,0.203180072335471,0.203180033277537,0.203179985701095,0.203179948423458,0.203179915762911,0.203145920018178,0.203361731670676,0.203363633460276,0.203361632131957,0.203363603859474,0.203361570162449,0.203361523227433,0.203362013288528
0.0484297213852941,0.0358082380866601,0.0253184340331317,0.02525879488399,0.0252031892166694,0.0251924979205871,0.0273648411733676,0.0273555230171742,0.0272396010991946,0.0262764554561592,0.0263035581418602,0.0261151293716062,0.0260946097684473,0.0260556783476327,0.0260337944161836,0.0260423429300765,0.0260420488692461,0.0260699574674641,0.0260777955553535,0.0259639338589286,0.0259601768172329,0.0258072527238416,0.025751491557458,0.0257547610649337,0.0257754088313001,0.0250705411297946,0.0250634012764936,0.0250915876359102,0.025055847977136,0.025092550518506,0.0250265165250661,0.0250295528248221,0.0250381975888832,0.0250378324740909,0.0250409433454135,0.0250301641206861,0.0250350598507901,0.0249231073903942,0.0249409586136119,0.0248029286681597
0.249132111763743,0.248617780807896,0.247412342131747,0.246689381725974,0.245786342186293,0.246748502766968,0.246657116252061,0.246509054258798,0.246319195289806,0.245682924432316,0.246152926026642,0.246144377218507,0.246150042859781,0.246149202066977,0.246147601189711,0.246147626810659,0.246146848313937,0.245798131918242,0.246139085636556,0.245575799341205,0.245573492137944,0.245573262622523,0.244401304991502,0.242678547043003,0.244162929081256,0.244162456724294,0.243028997423023,0.243020591174636,0.241310243595077,0.238664543374052,0.229692285591757,0.341111886733735,0.223250614664524,0.222190543938921,0.0788530712003447,0.0804875899106542,0.0779305682625652,0.0863522015993091,0.0869022094931875,0.092814868080859
0.260797716753053,0.260329308953293,0.260189389426384,0.261066467672877,0.260106562617193,0.260076412011901,0.260065160993255,0.260325899407416,0.260056628618166,0.260050507724493,0.260046799324612,0.260040518121159,0.260034379866558,0.260021902298779,0.2600185565236,0.260016109781622,0.260015405819483,0.260040433403635,0.260679271769627,0.260049797391347,0.260078619205861,0.260072000682119,0.260438582440614,0.260072112076625,0.260065820175318,0.260065817996606,0.260103342382812,0.260102581017807,0.260099032590938,0.260098323933651,0.260098381608833,0.260098079376411,0.260098202065837,0.260098033870739,0.260097735883539,0.260095246982583,0.261172926372472,0.260249416495811,0.260132065384652,0.260132103789591
0.271332630489786,0.271353191784531,0.271373833526071,0.271517472712226,0.271368613434293,0.271353056979321,0.271356113710669,0.271366006134137,0.271450878906611,0.271721588015556,0.271161397747056,0.271052863548848,0.271302222460494,0.271593297660988,0.271493192430431,0.27148739417439,0.271487346235214,0.271496970848749,0.270742048920356,0.271490688676814,0.2718245097534,0.271360901615463,0.271772635899007,0.272338612767025,0.271475252508357,0.271475180765211,0.271563264674587,0.271834360406597,0.271855994766721,0.271567062229813,0.271652046795685,0.271545891115391,0.271714533492168,0.271451738848391,0.271049753652274,0.271583612734301,0.271651459144831,0.271327931337487,0.271281086795476,0.271444106218269
0.39256359493274,0.3954424643269,0.395158519835915,0.396245401837107,0.396552085577232,0.396439755006109,0.396893561945611,0.396911645225394,0.397020357487904,0.397033812263658,0.39718195079694,0.397207764357686,0.397154133594532,0.397252892211922,0.397233727799902,0.399005716079977,0.399072750642015,0.400816853910122,0.400363981334771,0.401299945644859,0.401648968927387,0.401433888338896,0.402680660994909,0.406000780869548,0.40562476745798,0.405628620072603,0.406709655665688,0.404971906825378,0.406683505412949,0.406796450071007,0.406781364082432,0.40681864963433,0.402982565315637,0.406813803231666,0.406814616382456,0.406805524527754,0.406809294186107,0.406807240250299,0.406880746711436,0.40680431710837
0.696738917341338,0.688754243177301,0.685676359632487,0.686142546369947,0.68600068683012,0.684699676164491,0.684728115404309,0.658725017411493,0.658803492807995,0.654289696485065,0.652490217825288,0.651703965945191,0.654308934917911,0.630376856131869,0.644115818662197,0.595708785481775,0.655212847713513,0.651763772982002,0.652874896995777,0.655266212652554,0.62419102482263,0.655205767335639,0.655113672498244,0.619589407425496,0.615927066005117,0.619624503191325,0.617487803218089,0.61749287999762,0.610733491408885,0.217704569098815,0.210713300036134,0.216839556350166,0.216448535395768,0.206802989287175,0.198444915721955,0.195913623013338,0.207703488332997,0.212403148859765,0.222419300820461,0.211134775779763
0.304887523906246,0.292558101479326,0.292188255001707,0.29210202221472,0.291203982228904,0.29100331702377,0.290937172750191,0.293026185305153,0.291672047635679,0.290727753162674,0.292471829650008,0.290895670743355,0.290630429359874,0.290475359508876,0.290474527629715,0.290309146418662,0.290307407352533,0.289216140802225,0.289201939769276,0.289202507113731,0.289252789389503,0.289201782070855,0.291011873711391,0.288586422094253,0.288582575694186,0.288575951863359,0.288575291407401,0.288575292718459,0.288216207080965,0.288216340452086,0.288136980494237,0.288132284332886,0.2881363553991,0.288132260203821,0.288118130307587,0.290363092412067,0.288100462404841,0.288099585389253,0.285840582336318,0.285848105212833
0.491841157091803,0.49186271218004,0.491121928056306,0.491593270579816,0.491666231371504,0.491705464544006,0.491703478379929,0.491543780470489,0.49157235373815,0.491593324260903,0.491580813822761,0.49123101638189,0.491301265932467,0.491574356100001,0.491570168499687,0.491557422647806,0.491607041418545,0.491563360586218,0.491600272905493,0.491609812665729,0.491540829956185,0.491353316647547,0.491529058299995,0.491498836787253,0.491588433266448,0.491187146668716,0.491652422964277,0.491415296787398,0.491601541364246,0.491880317179212,0.491731307254654,0.491819032996817,0.491035548611639,0.491588933525316,0.491126964784416,0.491140710418159,0.491348711529573,0.491528804152331,0.491442490499285,0.491370336991085
0.578491929405411,0.504229930829696,0.532922264070085,0.527927178193699,0.487528861958261,0.095511608090124,0.0880306710858741,0.0879650785436585,0.11733749714328,0.117256788643324,0.117280945990523,0.116601857859398,0.097412153505491,0.106235461726975,0.165637053230071,0.133817633715775,0.157682833626479,0.190425176400447,0.0888774665731894,0.0871366031538382,0.188883939129248,0.498215358618564,0.505209053171511,0.504223275817792,0.503564343850039,0.504425963215698,0.502783044507817,0.511453031988695,0.498945369452599,0.501880469260222,0.614531894979195,0.614538075817477,0.614499730556393,0.61462094441686,0.614555532772108,0.614205527056838,0.614711364889238,0.614704601753634,0.61472768822188,0.614713855809081
0.62064674272349,0.621416525826305,0.622177662462665,0.622301901909953,0.622287153272057,0.62176935120464,0.622189966986162,0.622177457473903,0.622124319879924,0.621987442495998,0.622033430434684,0.622140190978991,0.621667576829727,0.622242704773276,0.622243101284665,0.622258425323786,0.622258419508233,0.622258491405489,0.622308323314155,0.62231263790459,0.622312635335688,0.622306807447547,0.622267883763127,0.62229716643798,0.622310452379985,0.622324061644953,0.622168005177545,0.62219375507596,0.622194877143217,0.622194389643968,0.622195038085165,0.622198506235461,0.622197741035537,0.622197742571962,0.622208310675163,0.621399401460274,0.622206476235941,0.622206794211668,0.622238257385606,0.621220201140691
0.88235739666774,0.571660980809114,0.275447918351996,0.275415280734814,0.119421041929147,0.177809449684159,0.182137613519651,0.177487642349677,0.181895884281776,0.182460520719912,0.179546800220311,0.183709656205415,0.182265861368087,0.182443232462904,0.181569393624135,0.18262079668882,0.182279920890403,0.139834752816862,0.182671650270871,0.170267863366085,0.175739222511337,0.182824560172318,0.182000223473759,0.182777475657208,0.181344130422679,0.17769442752594,0.095512645166588,0.185283979388451,0.183299659727383,0.18302123601307,0.151124481022231,0.187209126168996,0.182481386132272,0.175612732092878,0.176521001724183,0.17916448077764,0.17932809689415,0.186947112198867,0.180905508233211,0.157549796944946
0.170582317163698,0.170268948066162,0.169784257039812,0.169775597895026,0.169768745105385,0.169765378207109,0.16976526024285,0.170147667481473,0.169021683158231,0.168193884890742,0.167191834168801,0.167184783727158,0.167189844622633,0.16718329185076,0.167183005261114,0.167183012181685,0.167174583856504,0.167174483539031,0.167174156326327,0.167163590112264,0.16715602470915,0.167154592474857,0.167624332106711,0.167132350541882,0.1671323379271,0.167132089975189,0.167135016571009,0.167100257978144,0.167100257718913,0.167107238424701,0.167100263322561,0.167090976003436,0.167090732363192,0.166884395452622,0.166880452100789,0.166880101880169,0.166881533444909,0.166880483774991,0.166880107719954,0.167105209911471
0.983946662976802,0.982183603932762,0.981207863607774,0.980727910081404,0.97938361222973,0.979917495021605,0.973669885227293,0.98037124660695,0.980370198974667,0.980369100537139,0.980332084247368,0.978698694045317,0.979969365053217,0.974189289641243,0.97989229466617,0.968703023644751,0.979641898883594,0.979641347133661,0.979641514608551,0.968374139530493,0.971992298209959,0.971455330877012,0.97516973178052,0.978042657105085,0.979523240486064,0.97952235654314,0.96863215174918,0.979522650669337,0.979522458551764,0.971969213044805,0.978934338383981,0.978932622340324,0.978932375169233,0.978931955013885,0.971293423286385,0.978928550959441,0.978912793004072,0.978912376532356,0.967932990199809,0.968912207691563
0.663836595044487,0.666729016216801,0.666713036663499,0.66653815292901,0.666702167810199,0.666690134639611,0.666731974048845,0.666754313371405,0.66675468806528,0.666753923571812,0.665285836964318,0.66675842546284,0.666757757367574,0.666819815188935,0.666818235309886,0.666802240368055,0.666812188993911,0.666865441476321,0.666858655650325,0.66679439675338,0.666902385236143,0.667188657630993,0.667366792594844,0.667244086263042,0.66739130407524,0.667372884168428,0.667372900054167,0.667376414259658,0.667295315387346,0.667382903699229,0.667382087448706,0.666940355008994,0.66690745949422,0.667422980301714,0.666825784718812,0.667422627279572,0.66682586740904,0.666944452462671,0.667423181868731,0.666847247715917
0.701699509009508,0.112008167055876,0.110672682092447,0.103054584973052,0.103370429681983,0.097151712702011,0.0967700840923372,0.0933410658846728,0.0932123830615846,0.0927158503007211,0.0927180396856401,0.0927560344305014,0.0926490477005917,0.0925880427801608,0.0925690303482466,0.092367922026816,0.0923697712890556,0.0923754193407648,0.0943073206918181,0.0929933360579471,0.0933882478171457,0.0923639618839014,0.0833452743663963,0.0794107679278402,0.0795538316492794,0.0795172165654575,0.0792258503788516,0.0792282119711125,0.0795160037840573,0.0792232771299123,0.0798023929493815,0.0792148668674676,0.079133069327499,0.0862509224155825,0.0791280204856086,0.0791521736821596,0.0791147452024932,0.0792613566454244,0.0789377624180141,0.08096883554318
1.10071375876685,1.1000432750533,1.09998264261067,1.0228562464404,1.06070793982773,1.04957934790213,1.05437323726108,1.05369804470724,1.05399867562229,1.05184611904593,0.903600108209691,1.0543153012561,1.05430201248884,1.04751999494343,0.988670457776589,1.05428093625958,1.05429757323624,1.03370411964456,1.04267682153128,1.04257586526984,1.03377632296292,1.0342798758373,1.03427021627604,1.03204960444242,1.03427790488904,1.03427571824694,1.03427430914598,1.02487689400906,1.03427150272659,1.03279861182378,1.03428620150584,1.03422667918888,1.02524156786145,1.02681744176314,1.03416468034224,1.02757214311511,1.02542505790496,1.0343059524698,1.03423249132241,1.03437561654243
0.0863745035529749,0.0860047037283157,0.0859453934078805,0.0858433510650369,0.0858509580516317,0.0858419322225122,0.0857734740154247,0.0857335832008986,0.0857399272645127,0.0857337064471115,0.0857348460701515,0.0857335556458722,0.0857336006886981,0.0857363881274551,0.0857338050751779,0.08573370931173,0.0857301192771108,0.085409207213668,0.0854055585838982,0.0853669140360494,0.0852810645629565,0.0860223096540202,0.0852051924969678,0.0852043470964394,0.0852041897094612,0.085204379565723,0.0852038394420419,0.0865067071132513,0.0852037514708141,0.0859727077385914,0.0850340530849874,0.0850338545616269,0.0850339865627823,0.0850340115539313,0.0861150493632633,0.0850653303783253,0.0850340160245643,0.0850341142467724,0.0850339089401392,0.0852883936994524
0.254246405745947,0.254248435002295,0.254264104063657,0.254261901157716,0.524913920523981,0.105377987207694,0.105374029884871,0.105378289579976,0.105303163987586,0.105377970238968,0.105378029093319,0.105356808897274,0.105377976196294,0.105376604096414,0.105378057648879,0.105378041599816,0.105377728508489,0.105376588901683,0.105378232657097,0.105378242842275,0.105378236482899,0.105377319552912,0.105377515854336,0.105369769150308,0.105377571217393,0.105377596292317,0.104941344847512,0.105377962690628,0.10537795827862,0.105377907267233,0.105377968013715,0.105377433574784,0.105377388488064,0.105377404523433,0.10537762272222,0.10537769282244,0.105378055913722,0.105298722717909,0.105380867360676,0.105380061562157
0.76626004384537,0.766222498211771,0.766190824518225,0.766230848387038,0.766238192162472,0.766238212221414,0.766227110170704,0.766232206982595,0.766229350033528,0.76621921082682,0.76622573302334,0.766161105896482,0.766158717054714,0.766148736297354,0.766165887673735,0.764999812441828,0.765034778256194,0.765036586575688,0.764987323955249,0.764999960547772,0.765036260635008,0.765330832785538,0.765073158039475,0.765152361196011,0.764981486919828,0.765063634162694,0.764989295761676,0.765009479559832,0.764981824538769,0.764972717249318,0.764734812968255,0.765025166205961,0.764978714493568,0.765047767108398,0.764654404823114,0.765023700063634,0.765047598975009,0.765039021396392,0.765277171865225,0.765033344132352
0.714101649249723,0.714128030102878,0.714130998290318,0.714130079735884,0.714105920009097,0.714104389783394,0.714103932472114,0.714104017798028,0.71410400975422,0.714085777188114,0.714033525528177,0.71403214654967,0.71403227256274,0.714032523069043,0.714031966730428,0.714031490460893,0.714030079860022,0.714023222389305,0.714016989955079,0.713942327603307,0.713941741077175,0.713942708894099,0.713941745470338,0.71393286045015,0.713935851719055,0.713930774204944,0.713928384544785,0.713928931738931,0.713925330114854,0.713929478778343,0.713928638678828,0.713929669577885,0.713928482770424,0.71379375779811,0.713820476303739,0.71381157995129,0.713816202151457,0.713810498422487,0.713815671983289,0.713814218348923
0.375425780435113,0.109515676950199,0.108967177777898,0.108584250668242,0.102295439015572,0.101470819102124,0.101596690456584,0.100806336276684,0.0875006080696111,0.0882182486322468,0.0888441995878653,0.0884910901549085,0.0876089429628856,0.0864559854939847,0.0875213680762478,0.0878227445803171,0.0877434681369856,0.0868218779711363,0.0876382010182716,0.0869308619089676,0.085854436421047,0.0860549910432132,0.0847861949718028,0.0869107811686119,0.0869257852812051,0.086943848996053,0.0664220624862632,0.0664100409990539,0.066417040626224,0.0664049318035766,0.066408016051361,0.0658065230732787,0.0658056488956106,0.0658109748463492,0.0647051578572835,0.0657375802025676,0.064475348151705,0.0657321695064894,0.0648477942842334,0.0655830568464633
0.220543594806112,0.231857639484286,0.232669177951907,0.232688959164109,0.232769112868864,0.233622497990943,0.233620740299539,0.242272098607791,0.244659600042642,0.189288548893048,0.18346129833633,0.183297751950808,0.183126481526119,0.189110615140038,0.189110836767142,0.189110994023331,0.189110023145062,0.183788549905275,0.18378914047059,0.183788899110098,0.18385322382588,0.18291373948186,0.180229842759063,0.179256024441909,0.179161251387072,0.179212448069153,0.179242709732635,0.179265362598351,0.179203580915071,0.179250118239638,0.17934399399729,0.179208354571764,0.179334404014717,0.179241352511806,0.178506165044152,0.178632985982626,0.178189136442134,0.178216853703155,0.178158781576714,0.17806276536432
0.490248172821733,0.0922703879326412,0.0808633122855156,0.0785647167434481,0.0774384930144054,0.0747856324670346,0.0699399084607537,0.0661658974224448,0.0644565060737229,0.0685795793830668,0.068579286390957,0.067612907313654,0.0682521702110685,0.0666965914016092,0.0681232615727841,0.0681232029360583,0.0681226941584106,0.0681229436572751,0.0679546695562058,0.0672037477979558,0.0682446536775224,0.0682269380746295,0.0682423435698765,0.0682426657776263,0.0682410135126162,0.0682057847990378,0.0682836143616695,0.0682830610930771,0.0682835108427144,0.0680229139763161,0.0682840257369283,0.0666754727705691,0.0682823011982453,0.068276173067899,0.0678664307167914,0.0671455422903134,0.0668852680412745,0.0668824856653287,0.0664111425899189,0.0659261531808733
0.402391723853476,0.402517682432505,0.402560258789232,0.402598164542574,0.402604895652838,0.402603721102407,0.402627717808151,0.400602625508133,0.402624292858354,0.402628644527203,0.40262855277645,0.401533417250838,0.402622410206173,0.402628799807163,0.402655905158419,0.402662680251974,0.402662784879789,0.402662853217325,0.402663533213984,0.402663627942232,0.402670050467948,0.402663695077529,0.402664949383351,0.402670537643485,0.402667989463899,0.402673017728559,0.402673004219475,0.402666134001492,0.402673009952398,0.402673010071359,0.402673172621287,0.402673397678054,0.402673397828362,0.4026743721396,0.400878025779187,0.40087891977345,0.400878937461467,0.398539685104248,0.400886765073808,0.400886762883434
0.324525341704783,0.228421652881951,0.578471255675201,0.22710755301676,0.23218970729451,0.226983184213807,0.579201410944672,1.50404390392882,0.136630961178797,0.136629321581764,0.136630848623259,0.136631180044835,0.134830151258288,0.13282194355119,0.135065672424338,0.13663036709864,0.136630509158362,0.136630062275944,0.13663007472516,0.136630044878788,0.136630075506868,0.13662998298536,0.13662997611446,0.136626938345504,0.13662982693487,0.136629632989952,0.136630262892288,0.135168960469506,0.136630320264863,0.136630111363909,0.136629870808799,0.136629865566492,0.136629864719416,0.136629845508531,0.136630038574617,0.136628312976391,0.1366282417544,0.136628249132165,0.136628358238058,0.13662812686617
0.386305541333139,0.380727486256464,0.383793580820717,0.383774296911459,0.384064541932277,0.383552032303224,0.384065852036645,0.383892459728438,0.384062865735067,0.384062566338817,0.384063048152659,0.384051727397754,0.384079383504943,0.384040836166297,0.383228868799139,0.383865849167931,0.38298086204378,0.383606997105005,0.383607265450305,0.383863726268462,0.383862786020886,0.383856019970538,0.383854742913567,0.383855214402871,0.383733069847408,0.384319384226005,0.384317580324293,0.384216615933045,0.384409328733769,0.384406941916727,0.383631802419801,0.384407866592001,0.384407320165343,0.384404361710296,0.384404715219618,0.383999734699374,0.382853083842099,0.384406421478672,0.384406333515641,0.384406454134478
0.747063745972047,0.665513616552421,0.662612402152999,0.659846962916088,0.0898246606021627,0.0896186334677867,0.106546389596422,0.106485347538301,0.155760460819364,0.0963743822881589,0.106801941086483,0.106063934367062,0.155245103913108,0.106016928894066,0.10593450239466,0.0971405459242732,0.106223662559807,0.106246194626932,0.111175938271366,0.111179384897583,0.11117460625991,0.106314340254055,0.106482332875068,0.11053738059743,0.114617163988201,0.113308545939025,0.0978751204404603,0.106689804605172,0.111571185581375,0.106545667379541,0.100962885432087,0.112275091494975,0.105465900051688,0.111517172313449,0.112299324822765,0.112303526481635,0.112278091930765,0.112130595065771,0.111413677647296,0.0957703294934791
0.500179322482134,0.499333825887361,0.499274190930064,0.499035680334905,0.499157503237765,0.498951414882894,0.498947372312064,0.49894724504619,0.498946531886817,0.498908558063289,0.4989084563167,0.498722210596801,0.498674104093287,0.49873583535238,0.49873625401914,0.498723279884087,0.498736159989288,0.498735823709675,0.498726003321058,0.498725221963767,0.498725387971507,0.498725285990959,0.498718421999364,0.498726552128924,0.498727049340883,0.498726854017017,0.498726454422578,0.498493409976826,0.498493062806416,0.498493178073315,0.498471314611856,0.498495866791927,0.498493118894611,0.49846692617015,0.498461611934413,0.498494108270292,0.498494874712684,0.498493911384967,0.498493665233837,0.498493768840918
0.162054976473218,0.163039843783049,0.125653683477906,0.125035257703161,0.124935616433743,0.124771634442109,0.124728217641689,0.121340069048787,0.121930195103919,0.124714774942516,0.12447505678278,0.124468362633638,0.124459306894545,0.124459300811378,0.124459115761018,0.123697055934704,0.123676815491169,0.123695712891955,0.123559171420482,0.12355918982672,0.123558561361173,0.123540621150571,0.123268927479762,0.12324667834946,0.123246502046568,0.123246488691788,0.122466296551816,0.123245549773325,0.123246455680389,0.12269384956554,0.122688774936349,0.121258591415978,0.121257157650855,0.11976392198749,0.121257118918561,0.117771519277865,0.121253577051982,0.119363968317846,0.119364432353848,0.119363527503072
0.649822136453394,0.651621272918514,0.651802957875033,0.651776456441426,0.651651324039097,0.652295256357402,0.652301556826515,0.652399693961428,0.652439423890943,0.652444626841012,0.65252262567783,0.652214105845,0.652579379403281,0.653174573930389,0.653091708349217,0.652959463709313,0.653080230367512,0.653177666649711,0.653040870080527,0.653125697290021,0.653106930631903,0.653179684556861,0.653084927053403,0.65300891964819,0.652771772765474,0.652768965963413,0.65276618371905,0.652523492680621,0.652560058340198,0.652767546333584,0.652879081326979,0.652763311896129,0.652743100037954,0.652663144011814,0.65270872541246,0.652771882029749,0.652929855709352,0.652948882906589,0.652634580525157,0.652834536619907
2.08037438427381,1.01108740889156,0.803477235763701,0.800179636686691,0.803462169145893,0.800155751145522,2.02163125230121,2.02708530246933,0.802557248222943,2.08042493374958,1.99254999846405,0.80091563705654,2.08018844654499,2.06918290767467,0.803461725767103,0.795948221786156,0.802557422498967,0.802556548602586,0.803439514105394,0.798236897765409,0.803434707417065,0.803410450877238,0.79200680042493,0.803386539127945,0.800823411343653,0.803419382876948,0.789082469486905,0.792571760112739,0.803394061880725,0.803419094234189,0.803236712882813,0.794054311036101,0.803421272610047,0.803463983068679,0.803461280757953,0.8034085332768,0.803406556114003,0.791455201505656,0.792429651560948,0.775616230301989
0.959005369608744,0.934393411840427,0.714168153509337,0.709179188744003,0.715401356018918,0.712616680240954,0.712931841360862,0.712721382890685,0.710805903120102,0.712116771838324,0.71202114880462,0.712339475428373,0.711998249002143,0.710970563865604,0.712082714023011,0.711998146035921,0.712825436049993,0.713064745285357,0.711611030506903,0.71132028503507,0.711716763134194,0.710108025788931,0.711550502004642,0.711890392229723,0.71293630270738,0.712451958477267,0.710712543030212,0.711796330965047,0.710775539247062,0.71151392020006,0.711561577488223,0.711761624056855,0.712473067997981,0.711903720716502,0.712096496655229,0.711642901647954,0.713885677018665,0.71141630536796,0.711295241107627,0.712445750156662
0.692180226706251,0.691591919466003,0.691540467959336,0.691899537646192,0.692096931692044,0.691998810100303,0.692143374420771,0.691820522252017,0.690863055250532,0.691023812417764,0.691864026318517,0.690192568330855,0.69068755952301,0.690532122340176,0.685426093938586,0.690488533052932,0.69042800432098,0.690710626279377,0.686790222684952,0.690207320554627,0.692251610185721,0.690269142693889,0.689916094002126,0.692132057324723,0.689472564033036,0.689297924794547,0.688538752554407,0.689135009959863,0.691564781252207,0.68907389535488,0.68889976198685,0.689085108678313,0.690180778323858,0.68759238337562,0.692022454159428,0.691997641117259,0.646160226499623,0.688024472778352,0.691985123819603,0.685589495682212
0.453016586009895,0.452501896781226,0.452436328508182,0.452413380318093,0.452433959875266,0.452367870058208,0.452374221054038,0.452540414483029,0.453503403945946,0.453861680497471,0.452331825989977,0.452481741963331,0.452309266924447,0.452919258994345,0.452439791421473,0.453075741257539,0.453050008586836,0.454032547194014,0.453887280578517,0.452362806895209,0.452370392761007,0.452901209156917,0.452593726670619,0.452293457045867,0.45229159059317,0.452363946200068,0.452510472606292,0.452300678685898,0.452954580977754,0.452519265025835,0.453167994531861,0.452362946197348,0.452290411128028,0.4525942798821,0.45225888450026,0.452271148509276,0.452458294664949,0.452271694814563,0.452404659165446,0.452398441097842
0.796177338732757,0.295391523829338,0.286870635008727,0.287019930976255,0.257649613296635,0.287372376243334,0.233262151265061,0.285825176821874,0.286826771964034,0.257989634573903,0.286900599008291,0.262130553442863,0.286740897214215,0.286498866752015,0.207153310009645,0.284332745564887,0.285382113768555,0.285398246244109,0.283957597375544,0.202778017124799,0.283971173579346,0.284218091189363,0.159705427240513,0.284294566245329,0.253507018727961,0.284698889426182,0.27923356487554,0.278816620191532,0.28121774637522,0.239006850165533,0.195826330138824,0.265110632933509,0.143046461863016,0.161272700017689,0.187906366176207,0.257242722837045,0.262279043581914,0.260226856428944,0.166075967884812,0.265182552024134
0.75502389940081,0.760708452458968,0.762398976541966,0.760712047738873,0.762475408643111,0.762203444978939,0.761925781453043,0.76340374458453,0.763070874092503,0.75802434163362,0.763412668554083,0.763035087730919,0.763412594099048,0.763414223231447,0.762702659112707,0.763411814760725,0.764406458224028,0.764405691101633,0.765076050391674,0.765078783862998,0.765080138764528,0.765078897912495,0.765079845759587,0.764408717130821,0.764427614998318,0.765078653808614,0.765063512437391,0.764280332324185,0.763071936387316,0.764558761432914,0.764331541406206,0.764723723135671,0.76505818507012,0.765039203339269,0.765064486387355,0.765067732450124,0.765075907820215,0.763127094713503,0.765066598050676,0.764123516199274
0.125066873197946,0.12422040059019,0.124996059864082,0.124994060101814,0.124982304466369,0.124996695625615,0.124980961119749,0.124998030857819,0.123957142357819,0.124998021620904,0.124983133446933,0.124996700258262,0.124995785500024,0.124995448432696,0.124995392635648,0.124995092606692,0.105208966917389,0.105210366955692,0.105211277504267,0.105211700903829,0.105212788379785,0.105213870574492,0.105215156042727,0.105212024576156,0.105442417056247,0.105442262450946,0.10544014701285,0.105442035125224,0.105442243923026,0.105443774180894,0.10543949216784,0.10544328922812,0.10545495477708,0.105453256227733,0.105444650628696,0.105454466937098,0.105454264475234,0.105449675620177,0.105452512355863,0.10544523403132
0.853853300406986,0.801960855102559,0.792704358145404,0.790799507232354,0.742654798048133,0.748992106531342,0.744698728700289,0.699354488651523,0.699408927637792,0.699391699653554,0.703175137070745,0.699751957861706,0.699470029728688,0.977566320905315,0.686453198267182,0.665514155072759,0.690060010316456,0.699485635492302,0.709356194231971,0.691961834558455,0.696533796669903,0.694542242633958,0.690238208243058,0.98392698047518,0.997481721195997,0.997351112862209,0.978857324454723,0.997428331672904,0.997401605993719,0.980292953001791,0.997458364425419,0.997331631917331,0.996934147733108,0.971999189493674,0.986982853350704,0.997446012221784,0.984526260487209,0.997574991761871,0.97657303905935,0.997276435076548
0.158794618971764,0.157365010598959,0.157444323219757,0.157448885769843,0.157466345931815,0.157501507681361,0.157489575194944,0.158193763707289,0.158800420740368,0.158868287481588,0.158894723847883,0.159138014136596,0.159767195045195,0.159641539303752,0.159770309281915,0.159827479143702,0.159863686255272,0.160029768973663,0.160030896283556,0.159705241952144,0.159769003127288,0.159687827332347,0.159755400449206,0.159865410747577,0.159875898131565,0.159733381531412,0.159984680446882,0.15983474197811,0.15998861631263,0.159891475635409,0.159982677374668,0.159905953706741,0.159913315070244,0.159910774363666,0.159831515622177,0.159949548393958,0.160031838144021,0.15992281433395,0.159927734136342,0.159864754757485
0.649464425080203,0.649570225832686,0.0962515406189408,0.0829093043444253,0.0812306644955386,0.080920899997005,0.0801869463260438,0.0800750128495561,0.0797890391543292,0.0815961345962149,0.0800042974354502,0.0796908681697833,0.0797306505928034,0.0809796437822914,0.0796507356694478,0.0794628744232201,0.0794591249276721,0.0843843252097247,0.0791978007355861,0.079196132017166,0.0791940321039307,0.0793755170564062,0.0792021680794405,0.0791940985324025,0.0791934987525082,0.0791905255928098,0.0830025582629227,0.0791769294209208,0.0792673011904937,0.073617530193488,0.0737922920762759,0.0736173189236789,0.0732005365281269,0.0799560612194648,0.0737136577863676,0.0750736633238515,0.072969106244672,0.0694677129548945,0.0694639641974253,0.0698756117834091
0.0774665677942168,0.0769375221773263,0.076906955170596,0.0769027040739386,0.076900978317966,0.0768993993481366,0.0768987571903991,0.0772396168168563,0.0768985933501596,0.0768985748071092,0.0768986045166492,0.0768967219397788,0.0772186426034475,0.0768967386631958,0.0769792963828101,0.0768950191287568,0.0768950520991608,0.077169132142796,0.0768950581709784,0.076895076076549,0.0770180330447691,0.0768938625576645,0.076891188413769,0.076891148180837,0.0768911464556515,0.0768912100494912,0.0769992936143071,0.0768911856416348,0.0768911362725749,0.0768911848678461,0.0768911924603951,0.0768910569082322,0.0768911181875853,0.0768911153770522,0.0768910588470956,0.0768911148243158,0.0774579223845996,0.0768909450157628,0.07689102038653,0.0768910779401195
0.7742387703223,0.775085355620551,0.775311999704646,0.775329451147478,0.77537348815651,0.775523764905238,0.774584302719313,0.77552277625546,0.775447299238932,0.77564800494687,0.771615699625063,0.775649633034788,0.775569559652499,1.74594626138417,1.74654617705968,1.74294148462494,1.74604461155358,1.74604527039607,1.74529543272767,1.74605107490966,1.7451186498385,1.74605089586836,1.74467135493811,1.74517012451004,1.74591983265462,1.74614379412891,1.74600636371325,1.74034367810251,1.74651691095027,1.74526953859157,1.74439459455621,1.7453080671077,1.7488398180822,1.74583861634821,1.74603230444154,1.7478662886256,1.74605329015249,1.74619694897279,1.74470284095038,1.74603811011658
0.579858670408946,0.22520094991467,0.225200379907818,0.228074136047796,0.228076858198389,0.228132770713346,0.228145457795482,0.228141372573228,0.2281428011088,0.228192374250069,0.228191988926835,0.228192301656788,0.228189198137745,0.228195450505285,0.228019615282876,0.228224251370457,0.228235646971293,0.228238183894221,0.22823562607433,0.228237316036079,0.228242463214112,0.228208402933486,0.228269480040345,0.22824719175016,0.228251209398451,0.228252388245772,0.228356609653985,0.228344759229713,0.228339560062098,0.228366292194003,0.2283499389214,0.22834169831551,0.228341884282868,0.228364245545575,0.228360733331551,0.228308943947908,0.228350672963597,0.228368667484991,0.228393138595064,0.228422001639219
0.258684027767044,0.253661088076231,0.258056988046572,0.253543327142536,0.256675514553773,0.25656656461476,0.256521113226334,0.256540430311984,0.255593879367954,0.25548087729042,0.254842993359233,0.25442498139985,0.254424772085566,0.254424276505863,0.25442370788219,0.254422924449228,0.254128125126033,0.25399401392668,0.253972482027132,0.253972316434315,0.253905672462934,0.250386394758004,0.253821983301965,0.253821218035315,0.253821167874132,0.253821590645577,0.252648093525948,0.253815643365486,0.253816483239912,0.25379863513545,0.251678733761634,0.253809666188154,0.253855485832251,0.253855449551926,0.253855413299002,0.253855392314376,0.253854905977773,0.253854847266913,0.253858021522022,0.253856139446268
0.101584475787726,0.10150439947033,0.101455510971421,0.1014464255996,0.101445907450296,0.101292005645236,0.101296675229227,0.101211316434582,0.101196719802538,0.0997698560681977,0.101166755084935,0.101153464839391,0.101154529119461,0.101153692366816,0.101153946913768,0.098936237122144,0.101153148861931,0.101153088958534,0.101153133455372,0.101026807351506,0.101009294760159,0.101004268292364,0.100992194145007,0.100992192355832,0.100862573203838,0.100815655128304,0.100815389787414,0.100815446328462,0.10081538965295,0.100804155394667,0.100804185209662,0.100804131098601,0.100804093521915,0.100695387527524,0.10069513881744,0.100636299612333,0.100636431484258,0.100636419290281,0.0985182978004864,0.100619498049499
0.505347010435082,0.502408746146086,0.502024150236704,0.501909778867927,0.501903512689318,0.501894188304222,0.501895929817748,0.502144078942188,0.50211538885292,0.193631629130115,0.194201847357871,0.194225176516163,0.194250901303175,0.0488671925154448,0.0491209687633271,0.0550136237191186,0.0550517575248774,0.0609060072120817,0.0610667255437917,0.0624736141676598,0.0624796023211577,0.0518556787054147,0.0496673447658615,0.0522757811466209,0.0475205485382855,0.0522630078474085,0.0522514439634256,0.0519277058950661,0.0514505190152552,0.0522954450673264,0.0522807880699893,0.052266930291378,0.0522608145890602,0.0515069884012511,0.0506386078820418,0.051467297825209,0.0491949896728401,0.0504394463688825,0.0469559305553783,0.0505164875673785
0.592749562601691,0.594182190988824,0.59405787227703,0.594148735759091,0.594099011339517,0.594084037390138,0.594086254350361,0.59264274559856,0.594032684677361,0.594032372446286,0.594027262977599,0.593964530290729,0.593919011188639,0.593923131105658,0.593391250565951,0.594135350203231,0.594155041020933,0.594155026241682,0.594155479533118,0.594142243756295,0.594142554064564,0.59414666268615,0.594147242731698,0.594147242669479,0.593624636432591,0.594141363816369,0.594181297482313,0.594180956836751,0.18070937846039,0.594283365325378,0.594680837646234,0.594656526935776,0.59463879481707,0.594638775182986,0.594502331490888,0.594639585773972,0.56401209865842,0.151085187041838,0.15210839554335,0.151812078934714
0.153626245571592,0.151258107571455,0.151217242422088,0.151011635418629,0.151002282844731,0.150964020799101,0.150843468972375,0.150843128821858,0.150840950568549,0.150734124353595,0.150733640232229,0.150203461726356,0.150203487266306,0.150116546116528,0.15014771242074,0.150147359440655,0.150146681895894,0.150146841600907,0.150146877522404,0.14813274813799,0.148132760668098,0.148132760820355,0.148131713502564,0.148125806602136,0.147836782375957,0.148124726907072,0.148006716463478,0.147367173148424,0.145903331885692,0.145915486898302,0.145901177958233,0.145915508759094,0.145915403471456,0.145878701671077,0.145878240337921,0.143194174919406,0.145873042420391,0.145872908715828,0.140310540679388,0.14036120818236
0.916385793030677,0.0695790309412614,0.0694191966627659,0.0636042578320393,0.0598745571035205,0.0598680493611516,0.0540774310579405,0.0540510082245841,0.0484591510647248,0.0477409428554018,0.0476857079973071,0.0475550721563666,0.0474482060497101,0.0469638382982831,0.0467261414963091,0.0466950075482152,0.0464396223828043,0.0464887644869918,0.046471616226178,0.0458052859059385,0.0457853482434404,0.0453716464246255,0.044974305310589,0.0450461369230664,0.0451235605408337,0.0450331461761892,0.044961241753634,0.045076277262702,0.0444896298857191,0.0444575973273526,0.044790108560898,0.0444471099239918,0.0444047443987077,0.0443320007846139,0.0445459640120972,0.0440226140868617,0.0442990413478586,0.0442864358325369,0.0446580592204658,0.0447512631303778
0.497993963114317,0.507812701663003,0.502123978591956,0.507007802296864,0.51064038242986,0.511109535671645,0.510403552895608,0.511393290042534,0.509604762485737,0.51146203950851,0.507518195622011,0.512208455759751,0.508334932906906,0.509700035075678,0.512032584816316,0.511379732277031,0.512210992060761,0.512601977655971,0.510604580520201,0.50490958709355,0.512581359809965,0.512160672508623,0.512598540680918,0.51206026470126,0.513688475464164,0.513165088947757,0.513182456619387,0.513688243256591,0.513695182018228,0.513397963217577,0.5125491934715,0.513089554777537,0.513681812506259,0.506150562692748,0.514636094388714,0.514921617921559,0.514279940013714,0.514677131048269,0.514505502965767,0.514131875188838
0.235216862142325,0.235253434899348,0.235258532730997,0.235259692762873,0.235262265374038,0.23527575627814,0.234947562085388,0.235282281132752,0.23528121144302,0.234912767199525,0.235283508930322,0.235283682476481,0.23528374112655,0.235283571672229,0.235283737553763,0.235283750139068,0.235285346052663,0.235284994176915,0.235284828935717,0.235284812444022,0.235285219947715,0.235285016647571,0.235284525562086,0.235281385633105,0.235278814501734,0.235278565666156,0.235034592609695,0.235279003193388,0.235279238271228,0.235279286826176,0.235071875486223,0.235105065811422,0.23527810985491,0.235278361690562,0.235278413556679,0.235278379889508,0.235277969118063,0.235278248259358,0.235278249942357,0.235277931662062
0.195777540100668,0.18969658302381,0.188181461055247,0.176138621479777,0.161875175404628,0.16187162316079,0.161871727927945,0.140214638794094,0.140761145706371,0.140725912830984,0.140335646561182,0.140655268676934,0.138756591550082,0.138726676470636,0.135312075994067,0.13679865311671,0.136592512091529,0.136672634154355,0.136563617393672,0.136761347049409,0.13645086347136,0.136940974843305,0.136652189771136,0.136879597959679,0.136981310310306,0.129055023880759,0.128962714112662,0.130060951932417,0.130071887046227,0.130448572688347,0.130099376145572,0.130109743063512,0.130096736866366,0.05172582800223,0.0517263482644289,0.0517270206749358,0.0517252719683177,0.0517088742329164,0.0517098791751077,0.0517463975546203
0.134248236167531,0.129209217695952,0.129145038944629,0.129128791961775,0.12911265407395,0.128076175690611,0.128073948959357,0.127755530976494,0.127563948872004,0.127450405331275,0.127423757616401,0.127277501202311,0.127426968921946,0.12741473889744,0.127431310643074,0.127480873081062,0.127499622309346,0.126195141823924,0.126186665900391,0.126191602026493,0.126139390860726,0.126188370907131,0.126167248384871,0.126174892435466,0.126172940198,0.132575806859267,0.132566600010584,0.132563952034581,0.13218616809723,0.132197188242353,0.132159952382237,0.132170142929164,0.132166035043206,0.132162004518378,0.132198078568833,0.132181255650693,0.13220298946966,0.130797506095138,0.130834680978343,0.130828711205323
0.615712250078862,0.61680571136423,0.616822254276879,0.616822617647196,0.616823869691568,0.616823888764935,0.616824028613349,0.616824038110282,0.616825321537013,0.616824703845527,0.616825565638022,0.616826437129921,0.61682763790238,0.616826741789958,0.616826397210814,0.61682689072374,0.75333168056411,0.183810968668433,0.183808174963614,0.183807227357365,0.183079020825639,0.183803473048535,0.183802553678833,0.182777837708927,0.182775881910779,0.182779328185946,0.182779221584508,0.182779162010662,0.182628928167534,0.182780681468311,0.182781759774895,0.182781697490074,0.182783911324844,0.182783190520749,0.182780788698067,0.182780233719089,0.182782671825844,0.182783272792767,0.182780044701706,0.182780023703295
0.682634199592337,0.682687654787575,0.682680945486775,0.682669231317114,0.682676063485448,0.682675525143187,0.682675321785131,0.68263623915399,0.68264551079839,0.682627379065755,0.682675931779768,0.682673553607776,0.68267909944056,0.682679014298518,0.682681255415643,0.682683365136431,0.682682962385529,0.682665170781938,0.68268011742753,0.682631477836266,0.682679130080708,0.682676096155388,0.682676560088587,0.682677105400141,0.682660531823099,0.682671084334113,0.682664956846317,0.682621426944568,0.682666807864007,0.682657838125708,0.682653186063927,0.68265638570877,0.682661150715843,0.682657875907226,0.682660170937341,0.682657488800402,0.682646603401022,0.682655635218917,0.682655643810906,0.682658917484836
0.083660529498828,0.0829007859290895,0.082879233648964,0.088747969565934,0.0884646075523927,0.0840149551131438,0.0835557608357004,0.083638910756167,0.0835888318055935,0.0834863020104365,0.0834765635104207,0.0834758216825379,0.0834748221698377,0.0833631790996565,0.0833533306671525,0.08284252220086,0.0828284733677516,0.0819122728752313,0.0818892397083912,0.0818686728330868,0.0818677072470909,0.0805158624822935,0.0805158807200795,0.0804604652734662,0.0804465674242617,0.0803435741190767,0.0803370834006758,0.0803203245882081,0.0803293384971044,0.0803337399641809,0.0803082298706817,0.0802815043471904,0.0802814863662027,0.0802816964676471,0.0802802235362172,0.080060246806473,0.0800591544971745,0.0800361883398638,0.0800626265333366,0.0800328932577334
0.331107838367746,0.3409773852631,0.343209535752607,0.344457437367566,0.347127239182402,0.347624110879429,0.347626918107645,0.352565730389018,0.352459559869331,0.352490075049737,0.352558740530767,0.352558347549497,0.352545187668073,0.351968268893279,0.35254558850561,0.352718884976195,0.352797353345424,0.353132712459791,0.352715621215209,0.352961467188529,0.353075378439236,0.352763754223973,0.352958151263459,0.352929437962827,0.352833779716508,0.35305760868224,0.352928137250142,0.355592827602001,0.357297618805327,0.357266790135961,0.357298154381813,0.357304751679472,0.35730034252879,0.352899446386943,0.357298502588474,0.357173883152505,0.35729347471719,0.357299440835438,0.357300372911887,0.357300884496727
0.730133371932601,0.275848922375439,0.183707315395334,0.141679303370221,0.127532653732493,0.120742365671288,0.106488590081656,0.106466264819691,0.107894680899616,0.104017657500248,0.107884361742971,0.0985136403107768,0.107102612884375,0.106967185731997,0.0961016667675114,0.103839527354891,0.196822968198276,0.107398018848686,0.0960678116653376,0.0959787546238762,0.104834414678215,0.0955101067454873,0.107319011875578,0.107456526335404,0.10731986809985,0.107241949285883,0.107293938953478,0.107341393153902,0.107227299533019,0.481545949976872,0.0694074072666035,0.0699052461361582,0.0644175696619198,0.064262841869369,0.0644204696423581,0.0644119502166351,0.0633220213831227,0.0642023890903079,0.0644164573482986,0.064417029688827
0.34134394533269,0.340961347553412,0.340893176337874,0.340872656859023,0.34086726983777,0.340840247885464,0.340833542833392,0.340839014129166,0.340833612514303,0.340825365609277,0.340825126035097,0.340824819026199,0.340824585133047,0.340815777956814,0.340822281809858,0.340811804590725,0.340806559407601,0.340813590272811,0.340809788941223,0.340809808407545,0.340865108336088,0.340810378942198,0.340807932513316,0.340804517615251,0.340804845275896,0.340804914126036,0.341940532688896,0.340805603495987,0.341072530310693,0.340805658791003,0.340806064690865,0.34080636510258,0.34079608670278,0.340798831741785,0.341121139587303,0.340798883938394,0.340799181907698,0.3407992976713,0.340788295825304,0.340798811193212
0.782924976813112,0.0658197280701276,0.0655055111542707,0.0654128465909672,0.0653859627971742,0.0653660525330695,0.0653762076564301,0.0653749268346727,0.0653707083096561,0.0653712615585293,0.0653694512874833,0.0653691836438126,0.0651179788159202,0.0653668426523896,0.0653605549418059,0.0653396419826775,0.0653523884502668,0.0653523638031473,0.0653524011862356,0.065349031465831,0.065353047233218,0.0653529045543259,0.0647148678843185,0.0653533491448324,0.0648448062637802,0.0653526608611995,0.0653530102306265,0.0653530152603993,0.0653151162614549,0.0653529088218375,0.0644931634451045,0.0653520078190249,0.0653475219784484,0.0653369907270328,0.0653369425262689,0.0653369387655051,0.0649853581821471,0.065336800407433,0.0653369934464073,0.0653360850133042
0.456046380809343,0.452103110715124,0.455842491811086,0.451656395960768,0.615308283638297,0.620580465974818,0.62058051546524,0.620579811589542,0.343213082867785,0.343210034780548,0.354064069013125,0.354062078635651,0.343857921880694,0.319774127853853,0.34301828682244,0.343018174650989,0.342859583521684,0.342789390800673,0.342881045060782,0.330693536420942,0.332112993705542,0.333156109370059,0.332828247902939,0.33315602165504,0.331406930388074,0.331473965521174,0.331134596334372,0.331136735743966,0.330703779734331,0.330669965317058,0.329073787716255,0.33098456161501,0.330512816202225,0.330985048432483,0.329822182956574,0.328966081310601,0.330985327155258,0.330982315088308,0.328855947124758,0.33096979567935
0.19990337902423,0.0293221052816705,0.0315938205705702,0.031192767788828,0.0310057679311231,0.046965100259106,0.0291554694311908,0.0754233121276849,0.0754365417792393,0.0754238363045318,0.0754614631631578,0.0754581049659799,0.0754453283593895,0.0754196647972728,0.0754723810619276,0.0754975084229642,0.0753285013740721,0.0755260059844545,0.0756566627988182,0.0755061899457354,0.0755519412822528,0.0756294033147113,0.0757379753656529,0.075698498150167,0.0755879083754561,0.0756652098621974,0.0756609794098072,0.0758111936288545,0.0759024993812869,0.0756568213336333,0.0756579673241777,0.0756570759845394,0.0755899542279231,0.0756702054962722,0.0754603661368847,0.075629894713065,0.0759940612726536,0.0757488079168362,0.0747190658831093,0.0758691844370414
0.153760727785177,0.152967967612534,0.297612052628237,0.297262093433371,0.299595518373155,0.299488811809135,0.299376539670053,0.299373309033889,0.283331663858307,0.238961326782651,0.282769426652777,0.290476121940391,0.289896383223015,0.286726534009561,0.287757309709335,0.289351244368539,0.298926116059607,0.289107848672682,0.246457613648249,0.260658392817625,0.29268993317015,0.274061890017453,0.275096406017613,0.234705441622233,0.236828460231542,0.278354383829499,0.278369801973231,0.278272775394147,0.276134659085674,0.267165144129369,0.273621297765188,0.278411107496903,0.279201035865263,0.277965727915838,0.279309435660462,0.272075566972236,0.275662856237801,0.279532667277251,0.0840459332223403,0.243820382706592
0.256639647267793,0.522966117559013,0.522877398343514,0.514670438022755,0.522835503413213,0.522783190736288,0.678933792311015,0.660276047356181,0.668589818450212,0.668265885073322,0.66855298747587,0.664190693964689,0.667733979370647,0.662533915417474,0.667695238472526,0.665070575789984,0.663107010987588,0.66402367481174,0.667557993565782,0.662010344417703,0.666017668806289,0.664131713665223,0.664130384552359,0.667493575442267,0.667617804258659,0.666759044408661,0.667220207142462,0.666960932681648,0.667232686596371,0.66729302637815,0.665534351680011,0.66386625294509,0.59433765608011,0.66389066331179,0.667371557513648,0.682698935660764,0.679140801691053,0.682468665716526,0.682692089525377,0.682458141834498
0.670181025043372,0.191609238256463,0.192704092053012,0.192593054868383,0.192557121324216,0.192546271040854,0.192374389897151,0.192374492206533,0.1920332659681,0.189764851799292,0.192315630227814,0.192302633127411,0.19208059795554,0.192198940172347,0.19219955092349,0.192199538561403,0.192199107994543,0.192199090879315,0.192173070172193,0.192178359547673,0.1921760676283,0.192176506829863,0.192176083838944,0.192176770515828,0.192176751688109,0.188966292333613,0.192177264825661,0.192176685276389,0.19213155328113,0.192132136652832,0.192131990899941,0.192132492787617,0.192131911523166,0.192131914248995,0.192131892986464,0.192132038673529,0.192131940122611,0.189872557378994,0.192060094236032,0.189278341717261
0.477092857674732,0.477995059126605,0.478257724924716,0.478622250688583,0.478628651924337,0.478991569652315,0.479033766839023,0.478960602486403,0.478960341570974,0.47904344837312,0.479018246340486,0.479043055163472,0.479040496443841,0.479035693303694,0.479034923826764,0.478997206749474,0.479033558200012,0.478912292018263,0.478320731761461,0.479034562396367,0.47898389034753,0.478984801551525,0.47898389359531,0.478944959313241,0.480557642748425,0.480557122090117,0.480547419208126,0.480518988069941,0.480617925478373,0.480614652419855,0.480621496103222,0.48058984873929,0.480849874031039,0.48084800775068,0.480803315277846,0.480848225160853,0.480846002603342,0.480606024827295,0.480752440621418,0.480846422108078
0.16971310056543,0.164081266672302,0.165921545697634,0.165573621053718,0.1603630987713,0.162374745969968,0.160251249631222,0.160154957336727,0.159196755559591,0.160487825971838,0.160145609088855,0.160147103747312,0.159459284841243,0.159457502336995,0.159173653472424,0.159173454642807,0.159174983201508,0.158236846970498,0.158235211846445,0.155874226515818,0.158235625979404,0.158235603719481,0.158236238211092,0.158235801719218,0.158235777533905,0.157129448686558,0.158235733817563,0.158235681383914,0.158233489500644,0.158233738969228,0.158235960687527,0.157169443836271,0.156872592675101,0.157169951658576,0.155954909161674,0.154416053122883,0.15595495464299,0.154595551764367,0.155951467624286,0.155948587067234
0.61818757043608,0.618261813089987,0.618272369852405,0.618295662116035,0.618300641381816,0.618301605941113,0.61838657933617,0.618390725901636,0.618392004473935,0.618400195300045,0.618449366231095,0.618449915110306,0.618560112486732,0.618454061877055,0.618454840947654,0.618456182821942,0.618456205022811,0.61845690793655,0.618521169664782,0.618547444275711,0.618559112709241,0.618564389321598,0.618565921387466,0.61856505211159,0.618594897804727,0.618590596597693,0.618594335123079,0.618633180131129,0.618632367183537,0.618661105933287,0.618661107252415,0.618661072300083,0.618661168563116,0.618663135454243,0.618661902019825,0.618661889404956,0.618661906710449,0.618663198373432,0.618662108269114,0.618662117799245
0.466159622537201,0.398048918868268,0.399065187188865,0.398647076908926,0.397029903275161,0.398509187783633,0.398534893007225,0.398778351104232,0.397369753018663,0.399556110588909,0.399230269348501,0.401447369525169,0.399050983947278,0.398820301293067,0.399047037909238,0.399439824661024,0.398879308781924,0.398928870379431,0.398010349489529,0.399113847757022,0.39734277969165,0.398316885151641,0.399223125383327,0.398662867399239,0.401674586491153,0.401150266728703,0.395919189895044,0.39913898132215,0.397533281616355,0.399413792574021,0.402764093020827,0.402609015572303,0.401652561602607,0.39957455551707,0.40005017761498,0.40364232939442,0.401923899369038,0.4000602520562,0.40368993899411,0.400054365141871
0.491757840406295,0.139322254429068,0.139166837177279,0.125330561684091,0.123634671121588,0.123554743560926,0.123480183222238,0.123479459888907,0.111869825074145,0.109357174278347,0.109344188005668,0.109396834906391,0.110135481904164,0.109128803790651,0.109113947548091,0.109290661879297,0.109867230964423,0.110284877016689,0.110234677193999,0.109770395692283,0.112458845315058,0.109545752909195,0.116298051336941,0.111019918675987,0.111010163972106,0.111041239367074,0.111343283912149,0.111634506941574,0.112434056101029,0.113019885777892,0.113069731169431,0.113116768496424,0.112640368202581,0.11279398309919,0.112350246004309,0.133450813215062,0.0971047256190814,0.095983664774476,0.0963870134572081,0.0959769694451926
0.0700302696766399,0.0633160963669137,0.0632877264552144,0.0571547551939729,0.059637218632763,0.0597620458149545,0.0597310460373954,0.059856959715889,0.0598568447579549,0.0598588746182208,0.0599018379617368,0.0598832229115508,0.059901186808671,0.0599276076296373,0.0598818751802804,0.0597737934169895,0.0593474569373379,0.0593369280168315,0.0603468245985969,0.0603170610424363,0.0605979454758859,0.0596561804026903,0.0605981008232089,0.0596476923850853,0.0605950993681797,0.0602996917691373,0.0603751637642601,0.0602473383000178,0.0605657766435827,0.0602096109722667,0.0605848277188182,0.0605848960836157,0.0605852266440445,0.0605841730973795,0.0605844906736112,0.0574597564874281,0.0578998168114809,0.0579062525027108,0.0574896128096317,0.0569263844398234
0.467551845121902,0.467552914582964,0.467564528804917,0.467570984898242,0.467575068310485,0.467580228093848,0.467581018035572,0.466313980874249,0.467573789641738,0.46756331927234,0.467575116318668,0.467564898129182,0.465578163988066,0.467563986919573,0.46599105929311,0.467568911241033,0.467569038890305,0.46757030867639,0.467570683136912,0.467570068415437,0.467570859070859,0.467570313093192,0.467565321925879,0.467565238597421,0.467565795345515,0.467565483664517,0.467551684336865,0.467551681004129,0.467551612227817,0.467551760214556,0.467551651932506,0.467551337452618,0.467552183574948,0.467552201122025,0.467551216879894,0.46755116218152,0.467526713734236,0.467526678863969,0.467526607692975,0.467526619452392
0.640006646753564,0.0918629252800132,0.0944712474703374,0.0914214385710009,0.148821114101939,0.150060216391381,0.142729101988218,0.320100510276793,0.102768624747905,0.108884072408241,0.102769231292289,0.10616288134062,0.117661880779541,0.0864908312925852,0.0891831922448658,0.0859926614542701,0.0859657763789298,0.0879233013372399,0.0813017134389405,0.0833344815742879,0.0809811148181748,0.0809764096922982,0.08917841795372,0.0810298920313057,0.0809947706994368,0.0875294403556077,0.0829737622164122,0.081121663778096,0.0884426179313082,0.0850027125299347,0.0858422760722051,0.0921223855286031,0.0884686712555681,0.0810133588485204,0.0917020401719587,0.0992235491559313,0.0800647874478722,0.0866202039376179,0.0865498402859998,0.0856242675732504
0.252061731898141,0.251620430876196,0.251537146943706,0.251385988703275,0.251362158834652,0.251237676491112,0.251163705600407,0.251153122094042,0.251151713636246,0.251151005375962,0.251150944438309,0.25108713602663,0.25101664905683,0.250842669016876,0.250842688421997,0.250842678120919,0.250841074754088,0.250839476312534,0.250840413879705,0.250836373960368,0.25083636303126,0.250836306135525,0.25083232073353,0.250832287829621,0.250247904262397,0.250229089340223,0.250799201153143,0.250799165935682,0.250799198091165,0.250797605842642,0.250798508632667,0.250797130656321,0.250797099522076,0.250376849377251,0.250371158659862,0.250372629900295,0.250372604754584,0.249720514304625,0.249715849687704,0.249715833267079
0.721212151778082,0.664685139324478,0.622721990197111,0.628660297528723,0.618037456843809,0.617252366955832,0.614833954465775,0.649258738305928,0.655829676652801,0.656643829702848,1.2302616629171,1.23030967133482,1.23022394866778,1.253386305798,1.23004386643482,1.23004540267547,1.2300461799757,1.2300452560413,1.22979596522562,1.22780130600011,1.22979419758339,1.22980157819767,1.22980133434695,1.22973625996231,1.22973579583203,1.22975303211795,1.22975199581206,1.22924953332306,1.22924855459765,1.22924907904937,1.2557262874707,1.22926772203555,1.22926762932556,1.22929540080404,1.22895871196773,1.22766007226648,1.22709462281799,1.32593036891387,1.2265367508815,1.22653653245218
0.342296991442521,0.342276786042318,0.342275257241467,0.342297859106892,0.342301315849072,0.342336753460024,0.307965523235559,0.29502819802455,0.268274001101442,0.610095847111068,0.0488122257219871,0.297862339509573,0.291074327855437,0.295891001563611,0.0470232129901184,0.0462310256028335,0.0442773661577859,0.0441106979011023,0.0440279432368983,0.0440412856530997,0.0440405305380393,0.0440475519278377,0.0440429262805886,0.0441432345473817,0.0437756223517095,0.044400581815051,0.0435858210441602,0.0439301253092609,0.0432318456546677,0.0441642718173374,0.0424378173749417,0.0428753489676774,0.0420119270248596,0.0437105124605489,0.0466074516264391,0.0428574315232001,0.0429712176763235,0.042721830867285,0.0430755813687531,0.0421431869434843
0.72601162280451,0.726073436133198,0.725988308296611,0.72608959432163,0.726089389416991,0.726089708440538,0.726088911400603,0.725998906814761,0.726053563879117,0.726088038290959,0.726088930918825,0.725990378006012,0.726088839049727,0.726090868235282,0.726089599842212,0.726089988250339,0.726090783350605,0.72608969256385,0.726089099534718,0.725825881292366,0.726084014647046,0.726086047654471,0.726087219730082,0.726091081660548,0.725738655387159,0.725996650901311,0.72593215360319,0.726088452650114,0.726095690628383,0.726088034153079,0.726076843549994,0.726090991353057,0.725795392002652,0.726095960687777,0.726089947179826,0.726006195055561,0.725958531386213,0.726085986007344,0.725913949444492,0.726072725798546
0.417021004766529,0.320109268911178,0.147802838452705,0.296510975865092,0.0963851673095829,0.102104022542163,0.0942305316927992,0.0920285446000293,0.09142437565556,0.0916323216252263,0.0914993193593156,0.0914986243210121,0.0915475692887574,0.0914975274930149,0.0914922508237017,0.0914963291110307,0.0914882036263099,0.0914727592492505,0.0913199261751233,0.0913181054344142,0.0913345133476069,0.0913332587469795,0.091174882759144,0.0913276337769805,0.0913122386868605,0.0913337148911625,0.0913227583752042,0.0913269991562409,0.0912629482607543,0.0901372874504686,0.0901000939139796,0.0871260671532392,0.0873305541559497,0.0871123937638688,0.0873160580477889,0.0875146171373169,0.0875112535976458,0.0874866193987873,0.0875231618773509,0.0875165141609908
0.518064921740275,0.512023335550245,0.513711888393835,0.511796756456264,0.510894391137956,0.51228418827335,0.513099230683215,0.513141662590321,0.513138428134945,0.507124708438042,0.513166757469415,0.513165508186373,0.513124985135815,0.513261050043639,0.513259886372143,0.513283776311101,1.22255341278465,1.23423193888599,1.23423002793957,1.23445637488941,1.23102009349912,1.23432385385562,1.23454815759105,1.23456909037765,1.23441212816827,1.23450652355831,1.23075817962584,1.23118375768105,1.23450790350224,1.2346498164329,1.21364149282739,1.23449542385145,1.2344979173938,1.23449022247045,1.23449466651407,1.23453951794338,1.23472895216872,1.23467837440566,1.22936191725896,1.23445914712296
0.800652353768688,0.80073960624153,0.800740779532883,0.800752150607796,0.800762218241525,0.800763818119675,0.800764644715969,0.80076441490529,0.800763167653294,0.800763761055063,0.800765170108816,0.800765307996262,0.800765275280592,0.800765146530336,0.800763409692993,0.80076322566495,0.800768863019979,0.800762264784237,0.800764294409773,0.800765830957064,0.800881562942026,0.800882375157477,0.800888825097782,0.800893541688519,0.800900063395266,0.800905565571753,0.800901439019804,0.800905212879482,0.800900928642568,0.80090466011,0.80090432793446,0.800899443573608,0.80089788362862,0.800902194508737,0.800908934090846,0.800899181464042,0.800904170276956,0.800906800312878,0.800899768838297,0.800906505471302
