21136.584717106,21126.2314298222,21124.5420369533,21122.5685504265,21096.7745906582,21088.8263142618,21119.429666947,21123.2886849259,21119.6114353803,21123.3104370769,21115.0707944052,21116.0715084479,21102.5058865283,21127.0781639333,21127.3040532513,21123.2025784801,21077.6816376462,21122.5422466257,21124.5185055883,21110.3614159935,21143.9486071058,21122.1873292986,21122.7421306352,21127.5637170218,21139.3126720257,21125.1508773676,21123.7552302919,21126.0974066696,21124.8021747419,21107.706956544,21112.4088755812,21137.5877855481,21129.1579027067,21128.6216741465,21129.2675198604,21134.3970840492,21107.2304507397,21129.718249847,21059.1369178536,21138.6523304715
6019.97353903913,6016.40957330072,6015.42081826098,6015.40128099936,6013.98822501807,6013.95666876426,6013.96848986548,6013.99989548005,6014.04052402194,6012.75242478785,6012.47620808353,6012.56930848337,6012.67229405722,6012.73798212608,6013.34057890588,6012.49463421642,6013.63414668925,6012.61406474668,6013.14263406006,6011.41825978055,6011.3582352921,6013.94674681071,6009.20768368216,6011.88281584146,6011.21716197437,6011.46640000989,6011.47004207413,6011.22181580945,6012.02570691892,6010.79429290605,6011.26095393239,6010.92035793718,6011.31250692852,6010.016748267,6010.90954172681,6008.9063257793,6009.08177806699,6009.0489873826,6008.8089068301,6008.84184576518
31.3494198028055,23.8599744967476,23.3902161870593,23.3101121272576,23.3251661555067,23.1103790916374,23.0029950346852,23.0040746189326,23.1173641576828,22.9643774694893,23.0913805801981,23.054353810297,23.0260443168372,23.1741563005231,22.9672665445628,22.910747156818,22.9284055769536,22.985316136162,22.9062364057774,22.703643039129,23.0695502664093,23.0208364627317,22.9515314431666,22.9389911450418,22.7994302767263,22.860247773689,22.8641116977758,22.9446132506515,22.6272961579063,22.1968117800267,22.2173785707939,22.1736414406503,22.2455203096429,22.2946683994312,22.0083545512315,22.241870141003,22.2149635392157,22.2167297332033,22.1910040521333,22.2144482617351
10.4002513811478,5.96875867196694,5.65186876461251,0.00109159722720164,0.000999382490762722,0.000990617267465227,0.00021851607045211,6.71944108286091e-05,4.40508956787418e-05,4.41981896309095e-05,4.33808424230273e-05,4.41250102803196e-05,3.69369770885716e-05,1.1261678717117e-05,1.00615348906341e-05,9.78638085374557e-06,9.9696364462046e-06,9.86255897608712e-06,7.98768189085057e-06,7.73849841626664e-06,7.03036164308513e-06,6.73002903431112e-06,7.11946550243956e-06,7.67573992523992e-06,6.16664696390879e-06,5.08840873103807e-06,6.54948870319895e-06,7.72472323766706e-06,4.74175491050596e-06,8.3414587801373e-06,4.57311129003901e-06,4.14698162015235e-06,4.68806217509945e-06,5.80390867191788e-06,4.11903557729714e-06,3.2971065549412e-06,3.38746530475276e-06,3.78106492030823e-06,4.82047031630455e-06,4.65193200892795e-06
73.2763019416821,73.0435884103813,73.0737996278571,73.0253885053848,73.0080270178664,73.2428882223406,73.2797567179299,73.6246037327885,73.3877956414441,73.4011574903434,73.3694251946898,73.5836799906078,73.9348555590384,73.7599520819967,73.7866902481072,73.7798292636314,73.8396286349522,73.8182289879484,73.9482246264275,73.8577491767069,73.7770142281923,73.851664253494,73.8388794916444,73.778491733543,73.8277042830686,73.9455071322962,73.8118529083693,73.928558242591,73.6021844451339,73.6843767251103,73.6039358010046,74.1777532588912,73.6908390026894,74.8911813457555,73.1601023379304,73.6317282396465,73.7947361677209,75.2107277327523,73.756940182447,73.6650881531724
202.219989615215,130.002251334767,97.1433254471961,90.0214226174935,88.8087587669473,88.7560502687095,88.9425094549192,88.7443549412832,88.7441534023876,88.7631765779136,88.7420994168678,88.7420469467808,88.7417675424432,90.4046534731783,88.7400899364579,88.7400750046605,88.7397078267595,88.7393357371234,88.7369952446775,88.7355593941514,88.7358184207403,88.7352866622083,88.7355760414917,88.7352532130101,88.7260315013209,88.7222533083248,88.7222713430888,88.7222698286654,88.7232372239453,88.7232294491492,88.7234669867171,88.7234421951523,89.0110906777944,88.720218926403,88.7246832761254,88.7242337772459,84.6271613331516,84.5018886183584,84.6269757971116,84.6272109747215
0.160740906990058,0.131882469184931,0.131652392212597,0.131291031115399,0.00035158568858763,8.66575205414055e-05,8.72439975187155e-05,4.34136100271323e-05,4.18981148292413e-05,4.16185551865971e-05,4.33268897730182e-05,2.98583799316667e-05,3.05504589502287e-05,8.461853561961e-06,5.33481794895436e-06,4.45983351322999e-06,3.91106439468094e-06,4.63884265865222e-06,4.38250815198041e-06,3.46585220631803e-06,3.12490505827919e-06,4.32942543294086e-06,1.00230289937707e-05,6.13171209967579e-06,4.51631256112466e-06,3.1011002405524e-06,3.77499390276393e-06,7.03954436317636e-06,5.11540261243083e-06,6.53479702333997e-06,8.05429482779837e-06,8.55671281884431e-06,1.08992590174772e-05,8.73532472939358e-06,9.24480907730386e-06,9.44540047900018e-06,9.33830178909851e-06,1.179435787536e-05,1.10365998109545e-05,1.31177911973133e-05
472.795338806595,471.698847424112,470.064615711373,456.554407719272,459.429151340184,396.909336991094,397.09258394619,368.968036332126,369.203068066742,369.87213314884,369.224924128049,369.008840956681,359.588275835963,358.711608589731,359.993747879974,352.967126318186,359.364703668269,353.638516411775,358.292426652904,332.885516758986,365.197797806496,294.39467586903,288.440418665066,306.811881868168,301.081588552975,298.786448064833,284.32366295303,297.925020188514,296.914162205219,296.260076611251,296.315802790559,302.634625531049,294.725980221925,283.10856284686,268.913526244904,264.000530941707,264.009114060432,263.990242541259,264.001980532975,274.30244563811
2413.08062021399,2413.06346158145,2413.2546089072,2413.26536357707,2413.25518062348,2413.28526331471,2413.38101185696,2413.40809883355,2413.3662691219,2413.41082585099,2413.46898315596,2413.46917693441,2413.46993073322,2413.4650398911,2413.4701423263,2413.47544808216,2413.47576474472,2413.47764764566,2413.47878932728,2413.48305556009,2397.37718259232,2413.48375324615,2413.48240273462,2413.4713573636,2413.48753560852,2413.48754333394,2413.47235122774,2413.45623183947,2413.46548055921,2399.34750100113,2413.46547539218,2413.46548072103,2413.45651027577,2413.46368393912,2413.45580581712,2413.46536239984,2413.46188271968,2413.47185141771,2413.38492511376,2413.3828759562
29.6795540390026,1.65197309934782,0.00349919447147115,0.00202674853981949,0.000746996376429283,0.000647400741320276,0.000630119322220096,0.000629306227701023,0.000100779681747908,9.06442809026417e-05,8.81770630627226e-05,8.8122735482175e-05,8.80356916034324e-05,8.80159906118965e-05,8.81575192502007e-05,8.75621045390525e-05,3.27729595020805e-05,3.24916291571347e-05,2.50146164560757e-05,2.49902260539655e-05,2.45455017785169e-05,1.4584792253376e-05,1.47268890673607e-05,1.46258768338561e-05,1.45668438144335e-05,1.45558546135498e-05,1.45492596577378e-05,1.46467923431806e-05,1.45924800876693e-05,1.46326991323305e-05,1.46026066247447e-05,6.97983540725223e-06,7.0178429543853e-06,7.1541055936402e-06,7.1796577112106e-06,4.36716529645331e-06,4.29394999686268e-06,4.26551498072221e-06,4.33196431747149e-06,4.31882302839609e-06
672.566742907582,672.449503943229,672.527769297087,672.283032064845,671.82674739139,671.77873747659,671.705464714084,671.588559100676,682.911380969269,671.782524080447,677.78818830157,671.470243673357,671.575271100807,671.468705050598,671.443182637316,679.404240811297,671.442632733026,672.57265706966,671.443133598936,671.550259475489,671.442190841634,671.442532212415,673.124392972594,671.442495486756,679.067505924927,678.193399358567,671.394231528298,671.39590504708,671.394834667848,671.394546322002,671.391211409805,671.390614165548,671.387142797817,671.387477450716,672.044501084806,671.387504130709,671.386784512369,671.386295008774,671.387703705744,671.386006924032
0.375525434709737,0.000959900763599996,8.44737537538167e-05,7.87622045948322e-05,7.86083682643343e-05,7.89015382603111e-05,7.39703643744992e-05,7.22042196339752e-05,7.28234172752865e-05,7.67219174880219e-05,5.94430626374018e-05,5.68855362735171e-05,2.76649067947794e-05,2.67479087337683e-05,2.75844771435603e-05,3.08078241801255e-05,2.82258018267361e-05,2.81187807976663e-05,2.72812445004256e-05,2.92699567061926e-05,3.27983924493925e-06,3.82298615483718e-06,5.4200209152515e-06,5.76281439120605e-06,4.45520773599807e-06,5.31145485282394e-06,3.06437345558921e-06,4.11347869327111e-06,6.28490364368614e-06,1.34921090968828e-05,7.69661461973921e-06,6.31617014939402e-06,3.97517295641623e-06,5.0758549251193e-06,9.31940544319174e-06,6.05326454482986e-06,1.0538240638062e-05,1.09490884507759e-05,1.37401785671361e-05,1.81965003865111e-05
0.748580371306727,0.11882919359699,0.000391360722648575,0.000322693757932109,0.000211152631539904,0.000196228778424592,0.000187881346086344,0.000179869497056264,0.000177345900914394,0.000105591251010159,0.000105526894227138,0.000105667350163894,6.82595841833806e-05,6.82175186628696e-05,2.21674091899087e-05,8.18483849456539e-06,7.7992491853456e-06,2.06478953529668e-05,8.56495073378348e-06,6.09556845903369e-06,3.90819460071849e-06,4.91502014174278e-06,4.81069735465691e-06,4.61894253661061e-06,3.89135570307922e-06,4.42036589675349e-06,2.11127368342028e-06,2.41642455875987e-06,5.48121384585076e-07,5.54649290219752e-07,5.55479909991746e-07,4.32872885754602e-07,2.02913008639882e-06,2.0159861167465e-06,2.02288310292057e-06,1.72101694445829e-06,1.93786728480571e-06,4.72048205319336e-07,1.88089595212263e-06,1.84636926562551e-06
0.685504383587418,0.394316681134007,0.0126047949375892,0.000273813062138383,0.000275189679554044,0.000273913523043052,0.000244841429515355,3.99630284410165e-05,3.48808314530722e-05,2.07495851417139e-05,2.05269243142929e-05,1.95910817900637e-05,1.04919982742624e-05,8.48947191796124e-06,8.500289169691e-06,9.68496632495428e-06,9.94976839870997e-06,8.44647342305627e-06,8.47656976166089e-06,8.96496457974586e-06,9.47688406785639e-06,9.70968890828914e-06,1.01487851471197e-05,4.2633199264589e-06,4.63446012962651e-06,6.50044647315104e-06,1.57744565195153e-05,4.22398969233095e-06,5.42032376448118e-06,4.67494122256666e-06,4.90296490711474e-06,5.00379149719288e-06,7.27682928923041e-06,6.65479208127132e-06,8.19562626700293e-06,7.98058992464322e-06,7.50073671156207e-06,1.06872619500087e-05,7.39226184080564e-06,7.46283746802855e-06
7854.49746748998,7852.72493891506,7852.73334592445,7853.46470508604,7852.74458829261,7853.71301681751,7852.7385951317,7852.74390321441,7853.73096249439,7853.73567784012,7853.73565811762,7853.69939342459,7853.73188960735,7853.73603843539,7853.73602211829,7853.72806011672,7853.7450361032,7853.70900850872,7839.31433694922,7853.7446439145,7853.74534294348,7853.75483851303,7853.70205215614,7853.75479176611,7840.35374895974,7853.74366724194,7853.69492382584,7853.69427661613,7853.69234722064,7848.22571503578,7853.74178931305,7853.6871857702,7853.68561078731,7853.68374939752,7853.75500367554,7853.70190336656,7853.7007104453,7853.69841229461,7853.6967070906,7853.69497420969
16.8734087975375,0.00889760916932694,0.0015122572719609,0.000255993060237724,0.000134463840530177,0.000163780351075547,0.000123080655752027,0.000106063564101176,0.000102799441959074,5.70634296433255e-05,5.03308094166824e-05,5.51274411098715e-05,4.60116765319499e-05,4.20808301998409e-05,4.83550891481181e-05,4.66233691760191e-05,2.01858822724595e-05,1.41119534471946e-05,1.39497679032126e-05,1.72307332227645e-05,1.8127843364921e-05,1.66965937502587e-05,1.47338616668678e-05,1.45546926544581e-05,1.37803302022942e-05,1.37159945546572e-05,1.38587682480271e-05,1.3656637693595e-05,1.37907834069933e-05,1.36138143492955e-05,1.31533665681198e-05,7.87844521006409e-06,6.56446185282196e-06,6.94293854827285e-06,2.98508893697023e-06,2.9870600791932e-06,2.97532062372095e-06,2.32183403048185e-06,6.46146808462917e-07,6.12938998316081e-07
1003.01494020105,961.865465491869,957.00307219857,943.806590315272,943.327682022853,943.00261056123,942.728632609475,935.452522074731,935.351122352892,935.403369132562,935.45692411216,934.336797539317,934.957620055884,934.874691081186,947.889684739802,934.913246209337,933.970409599987,934.856816134332,943.208278118231,934.606431904649,935.045525216944,933.924651237033,935.286899630506,933.84715496976,934.471527157924,934.723371756476,934.885172384682,943.656856881923,934.638700683914,934.681996809177,934.659420405457,935.645427612607,943.26366733509,943.386613400824,934.637903499702,934.819139521394,943.663987722644,934.878849459039,934.7907438593,945.220938663633
328.484754780971,326.535627668827,326.906488812203,326.895206780172,326.879785234356,326.72642539712,323.792676666784,326.652436241287,326.51313876198,326.60723311717,326.588854101627,326.580992753407,326.355171839013,326.586923335685,326.562621558908,326.560524529739,326.560030378559,326.555232875544,326.257728712013,326.550585018858,326.550331431351,326.54998469785,326.547901585609,326.546428441298,324.969717673996,326.543800434229,324.513441837614,326.557981029372,324.787641348497,321.454512746767,326.527737301132,326.526265181807,326.522656946922,324.594692699764,326.519624488231,326.51355708909,326.510624202645,323.576443466607,321.523903585765,326.506080452684
8184.95346638286,8174.270896754,8172.91219932276,8170.99087951763,8170.5723464814,8159.85957863497,8159.82492540751,8160.90629998628,8159.84528022231,8159.36339890862,8156.85556007162,8156.74458913447,8157.36176643209,8150.70191831305,8150.42626319415,8150.17550733361,8137.24043032728,8136.97163097329,8137.20176080936,8137.78651291247,8135.37493456003,8137.04465879051,8137.63406124521,8136.89480428494,8140.02940743504,8136.44151703268,8137.1766339788,8137.38562768207,8137.09934467836,8134.59570845578,8134.6287620526,8130.8018698609,8134.19384663001,8133.00771164274,8128.52806119302,8134.23422680648,8133.25816278395,8135.70097386085,8122.84297702002,8119.38633078628
6096.65279105583,6094.66246172584,6095.23519322047,6095.17929179833,6094.23489204375,6095.9559965202,6095.95224701489,6095.89919437921,6096.50714652506,6096.54840206988,6096.55917331662,6096.49770846661,6096.8340431397,6097.4013691238,6097.41518753904,6097.33994655982,6097.33706788196,6097.33433006116,6097.57755328455,6097.5936229949,6097.50245057392,6097.50167603176,6097.81549145042,6097.71594645981,6097.71295477809,6082.90046019352,6097.81201431568,6097.72104450592,6097.71805140619,6097.71481172706,6097.71228467721,6097.70969346505,6083.25514217238,6098.40026480158,6098.53279125608,6098.39356660861,6098.53136476685,6098.38877575865,6098.38587863381,6098.38486972084
23.2091100468195,0.988253959000502,0.0153380641979867,0.0151219602199483,0.0150803664137112,0.0150715970543884,0.000362692982949575,0.00036168125841152,0.000361764813749409,5.23837492662366e-05,5.2021166084616e-05,4.23989465968687e-05,4.2863207049773e-05,4.21312360486138e-05,4.17879067075164e-05,4.20655169140533e-05,4.16671643874295e-05,4.20587176155571e-05,4.11512507449068e-05,4.07379174656381e-06,3.979841869408e-06,3.72522617898946e-06,3.68947456677994e-06,3.662879298939e-06,3.68385011934024e-06,2.10648389272717e-06,2.15450174124972e-06,2.24634236253533e-06,2.07746874284493e-06,2.14580900627434e-06,8.50449375775161e-07,7.80857991701211e-07,8.45909195847281e-07,7.88142488752249e-07,1.08802776473084e-06,1.18072206651281e-06,1.02013735536787e-06,8.76383784698885e-07,9.49042933700213e-07,1.08573475054919e-06
51.9130776309247,50.6889601031204,50.3733090872814,49.6769981386389,45.9155269850172,50.3157928979676,50.3083083862996,50.2793778941406,50.2827633818554,47.3465861488742,50.2726803080917,50.2324527382629,50.2720932618656,50.271876977031,50.2716217752398,50.2716246583822,50.271460274139,48.6412430389259,50.2495182208831,50.2355529031027,50.2355085122224,50.2351152826919,50.1746719276001,43.4374876033558,50.1642254498029,50.1638858823566,50.1172061349231,50.1150490957231,44.3953580052107,9.04484146119729,0.425675175959544,0.0157865740227266,0.00550348349458982,0.00395465440673831,7.17215095686312e-05,9.57616801119946e-05,9.54167250745618e-05,4.76621121957467e-05,6.32256395315198e-05,6.38360456157585e-05
355.665246563258,352.560204514491,351.86468558634,302.424572024848,351.607280014079,351.534933692298,351.515587023137,335.518437925365,351.34863749868,351.358636428092,351.362478094453,351.247472025663,350.765835367346,350.732759993543,350.727260871257,350.716467961786,350.721628408882,349.961292380765,314.881850810088,349.808177554871,349.463937163865,349.461238352271,328.350343847166,349.452700469742,349.446482499929,349.446425466433,349.094788797534,349.092846382527,349.095613578888,349.091278883416,349.082996299481,349.090609205205,349.081759627387,349.092619511296,349.079839103527,349.078191008265,294.222043985602,339.821190511927,348.81051028759,348.808016048258
2961.91770729342,2960.74552737177,2959.90971586739,2960.09697773306,2959.87679212391,2959.74796303994,2959.74530941468,2959.59907721811,2957.48820701998,2957.8394416385,2955.94269614873,2953.4239499095,2953.82835134147,2954.25768028006,2954.11509197424,2954.10390201601,2954.10340344543,2954.10670135182,2952.85131774264,2954.08987329779,2954.54530296974,2953.89689784802,2954.48059640061,2955.13319962398,2954.06713543628,2954.0673340774,2952.47171491786,2952.68778779748,2952.71330085436,2952.3134118273,2952.4364101463,2952.2785692388,2952.52542805628,2951.78820065286,2951.12066323018,2951.98079981414,2952.07683394655,2951.58530367985,2951.5141416022,2951.76886105146
476.878707463888,476.682079045858,475.99818948515,477.106286292425,477.422918659338,477.282431783331,477.725190932928,477.74305249654,477.852873955156,477.866170552086,478.010027818545,478.035797920283,477.973609681211,478.078731203542,478.058294156546,479.792425027971,479.862211001617,481.670637912498,481.197188798259,482.163611013582,482.521553676894,482.297454316613,483.511104508008,486.694623432074,486.317445461326,486.302315393864,487.333004718386,485.615958121123,487.306290580287,487.416917576355,487.402332760407,487.442688824772,483.624703517588,487.437903675022,487.438797839132,487.429794330514,487.433497143937,487.431720102066,487.503779060048,487.422023562973
0.796931320189873,0.0324130090855351,0.00523170970920068,0.00363769096657137,0.00345825480266588,0.00343086171747337,0.00341881859305055,0.00041735379863236,0.00041304918201767,1.1842558494904e-05,1.22354965536318e-05,1.09114911139794e-05,9.91662176895461e-06,3.32058854333925e-06,3.70775860047619e-06,3.83375167645119e-06,5.78704695184459e-06,4.79988378079147e-06,4.20332447922091e-06,4.43025471071293e-06,5.48611607452074e-06,6.02306487402411e-06,8.35640576726251e-06,7.28636862064216e-06,1.41249108259838e-05,1.03879227029107e-05,1.06716913147933e-05,1.47335353172992e-05,2.0401502814253e-05,4.57362408101143e-07,5.13908810046885e-07,5.56156832405912e-07,7.63279926357515e-07,5.20843860350691e-07,3.79405603336568e-07,5.38105966874132e-07,4.95352588748485e-07,4.40179415253398e-07,3.86057732724885e-07,3.60871671938002e-07
4560.68067986786,4190.6560380169,4189.27364635271,4189.02365090456,4187.11396936004,4186.76546155712,4186.00875063435,4274.17069861303,4233.92557016637,4194.41165476949,4267.59370043777,4201.54292298343,4191.30831393554,4184.79304883376,4184.78566684173,4184.33738014377,4184.32684278831,4182.51244247032,4181.92003497475,4181.94270068165,4184.05410526917,4181.91779102937,4280.53168169435,4180.37728518804,4180.23536955773,4180.16351047414,4180.13639279978,4180.1362986099,4179.33792199391,4179.34260075043,4179.16526911373,4179.09631652121,4179.26624148201,4179.09767525015,4178.8963097261,4271.93973534549,4178.65625684397,4178.62060638824,4173.50953118863,4173.82130352071
14538.0341670548,14536.5992768049,14535.6596325511,14536.0557082013,14535.2952040402,14535.2613568532,14535.2517511189,14535.1537184891,14535.189098724,14535.1846735526,14535.1796464708,14534.8837956162,14533.6458533283,14533.892681765,14533.8630708332,14533.8022825856,14533.8696485702,14533.9192777321,14532.2860438688,14532.3086111911,14532.2811843108,14532.0835114063,14532.2722281616,14532.2386912343,14532.3522271448,14531.9819266547,14532.3770386739,14532.2148211352,14531.8564892046,14532.0810597826,14531.9777136751,14532.0333934751,14531.312042923,14531.8771506114,14531.3844652007,14531.4987287667,14531.642335701,14531.7755652892,14531.6460973678,14531.7223147463
0.0193532156550382,0.0131652409120756,0.000460969147202626,0.000469767058215071,0.000397133564793175,0.000252238536030588,0.000226472431232059,0.000222704123557394,6.17911225535365e-05,6.1725807266813e-05,6.17145753372506e-05,6.08303738455592e-05,5.39817667026184e-05,1.68339554041857e-05,1.40010463449636e-05,1.44550243864518e-05,1.42076639179008e-05,1.42740415488962e-05,6.02913778569753e-06,6.39296929410049e-06,2.72134572444952e-06,3.19013741815571e-06,3.25154450730271e-06,2.8656662185451e-06,2.84102524042896e-06,2.87728749488036e-06,2.88890595945722e-06,2.91840679389029e-06,2.12921255666096e-06,2.09762414225217e-06,3.94243640258863e-06,3.85697690071271e-06,3.86055713600781e-06,3.82693785257584e-06,3.86641541762127e-06,3.81066488883773e-06,3.80413321819285e-06,3.81108858388912e-06,3.80809910279412e-06,3.80343720808054e-06
214.679779980649,186.657297519142,183.426175692465,183.324504556998,183.322623400827,186.063674685968,183.386608815873,183.395373158441,183.43229266519,183.748718507658,183.499075409666,183.392104535474,186.28331606142,183.302117603421,183.302064218503,183.289438426484,183.28944332807,183.289054924803,183.249129589091,183.246230375695,183.246229768548,183.250389675815,183.281131621835,183.257998302683,183.247956559463,183.237599019445,183.369003236386,183.355159524083,183.349121010794,183.352429589127,183.349041026429,183.346040063891,183.347213415669,183.347171757864,183.339532005222,187.635036662787,183.341320160308,183.341112297067,183.318802485008,188.729188583002
35.5734834650168,32.7641482547753,31.2517200215922,31.0645810523691,0.0890625623285806,0.000213206198900913,0.000116606243837858,0.00011707143859026,9.68408500780153e-05,9.06242926123078e-05,8.07035255678253e-05,7.948712034647e-05,8.19757869008513e-05,8.1851137233991e-05,7.15608512124147e-05,7.08837953901613e-05,7.35603705044779e-05,7.25245917475846e-05,7.06953389802574e-05,6.9799733174714e-05,7.17142737416964e-05,7.07348890444443e-05,7.34403543460239e-05,7.39962540645166e-05,7.00199202121992e-05,7.14702401850799e-05,7.05635898417189e-05,5.71788210766142e-05,2.75726757620766e-05,2.93082985197893e-05,2.23854513444662e-05,2.25623189414609e-05,2.24208748105741e-05,3.06231658115684e-05,4.73756407395763e-05,5.04590403908811e-05,4.72935685061479e-05,3.37466433129733e-05,3.33952919913854e-05,3.34612780080516e-05
1456.99962321555,1447.06092562063,1446.30389052872,1446.30657693378,1446.28006058696,1446.26704285342,1446.26640421667,1451.27364313569,1445.08320431461,1443.66142087142,1441.7913172563,1441.76858813732,1441.79924169961,1441.7635394982,1441.7637085346,1441.76370769816,1441.74804456906,1441.74773887851,1441.74644608047,1441.72650619865,1441.70492144148,1441.69712576903,1444.35755111184,1441.62644880645,1441.62651716436,1441.62506029171,1441.75234208916,1441.56307161481,1441.56294659515,1441.60086452886,1441.56295651203,1441.54574776134,1441.54435598946,1440.70968344557,1440.6882761861,1440.68639202751,1440.69376913543,1440.68822047857,1440.68619308002,1441.90275478942
260.358756073171,259.994082096527,260.0736274363,260.084342648026,260.253320497971,260.227314680947,260.597219407831,260.224241366914,260.225181785357,260.224202895599,260.246123624583,260.33372056113,260.250898232013,260.611308485004,260.295059278137,260.924616989782,260.306236099731,260.303223543646,260.305379329207,260.932215010567,260.730467930859,260.760154419944,260.556572371924,260.45184157232,260.373113896378,260.367512576729,260.974519741524,260.370808540926,260.369534766169,260.766000845401,260.374974172994,260.37971809383,260.376690745095,260.37371754921,260.800725707095,260.380721966951,260.387375538498,260.385929467218,260.994705978638,261.072655392598
537.705212931961,549.752385412788,549.748332333203,548.943254077828,549.739308765264,549.739833745725,549.739590407636,549.737837784776,549.73020810758,549.728702019932,542.80536886561,549.727531642833,549.726065235945,549.735620740327,549.725453595256,549.717388214878,549.716742515173,549.716456356885,549.70268537937,549.382290096845,549.398678948653,549.705218398301,549.708362063408,549.151977761947,549.719417638816,549.703695448547,549.703769149857,549.719769613941,549.34601684674,549.704849069728,549.701064378873,547.697603439969,547.548681008646,549.701325112455,547.001350432484,549.699761966238,547.001262519989,547.536229128238,549.703704525406,547.099544444263
1280.09620757273,1.94552792629691,0.00160264654476239,0.000270349784525386,0.000101021240867589,6.32774759260655e-05,2.3128406118799e-05,1.99809698549207e-05,1.88799346701192e-05,4.27254408200396e-06,4.29004553462591e-06,4.30278768981457e-06,2.15189478161007e-06,2.10184638033482e-06,2.15329004397049e-06,7.84530296180364e-07,8.94493816878423e-07,1.04312394874894e-06,9.57935643533272e-07,1.12072976292662e-06,1.25264320297814e-06,1.29473073968088e-06,2.4096457827773e-06,1.94843894861781e-06,3.1527635186636e-06,2.30642058559169e-06,2.596375808811e-06,2.27191673495363e-06,2.46430374867354e-06,3.25557737494936e-06,3.14925797580957e-06,3.8872687390583e-06,5.18526076092602e-06,3.3666050691356e-06,4.43402187660226e-06,9.12707075678114e-06,4.44840826166262e-06,5.98510093529367e-06,6.12077525451529e-06,4.44345938082198e-06
13.2866728679044,13.7152225445816,13.7593200597241,0.355222347617272,0.00137694270718772,0.00015664732993158,0.000132089654401999,7.38825872451621e-05,6.63836983166014e-05,2.21488838897007e-05,1.91445418311079e-05,1.69289422765196e-05,1.70937743609052e-05,1.55293904286483e-05,9.06604398768456e-06,1.22555112816376e-05,1.08496773350369e-05,1.10742695651703e-05,1.35441093487154e-05,1.21473182772679e-05,1.64845514229913e-05,1.97964970035676e-05,2.29846051073331e-05,3.35671764802005e-05,1.87106446454366e-05,2.39589504318718e-05,2.61774349210906e-05,2.76843465545691e-05,2.2777076995183e-05,2.82266759861338e-05,2.57236470398398e-05,2.32544712028396e-05,3.05683207966477e-05,2.86214323952662e-05,3.01058855006108e-05,3.88153469852384e-05,2.65516281474084e-05,4.49976646497941e-05,3.07819318827893e-05,3.47870902468562e-05
346.881622565727,347.013990404183,347.037851346641,347.187154420782,346.769913151296,347.085475547037,347.118292520184,347.427671614815,347.136024121013,347.428616084487,347.375739651179,347.427284723679,347.42841887167,347.301859684443,347.422872736529,347.427078297423,347.430048363654,347.603412533217,347.600608947255,347.63202599872,344.119425481658,314.516762073979,347.740097975737,347.73223914229,347.740283640301,347.731221836625,347.740520657358,298.838745885856,347.740748019941,316.189022614952,347.857304293281,347.867500330654,347.867046874152,347.864920202667,305.393189804185,346.335900784604,347.864758517721,347.855119892205,347.86486033787,336.113134300077
1239.15031200138,1239.15489719789,1239.05546795591,1239.03599191776,1915.70653555021,1810.68855304457,1810.31296898567,1810.6882764732,1804.03224080396,1810.68602745599,1810.68615459535,1808.8142363718,1810.68771649513,1810.56260872375,1810.68780631284,1810.68767939147,1810.68390251104,1810.53409413887,1810.67479136056,1810.6754258335,1810.67535933085,1810.72340499928,1810.72183712325,1810.03568572499,1810.71975858951,1810.72044043715,1770.50229211571,1810.71549413691,1810.71549274817,1810.71507515974,1810.71466908281,1810.74611964817,1810.7494447818,1810.74952359192,1810.77661584605,1810.77597643655,1810.77831513384,1803.49544878347,1810.78497526938,1810.71389122687
167.27441858992,167.339939974103,167.404390182741,167.314466460001,167.296676011128,167.296006441742,167.314404200958,167.303854847602,167.298206645237,167.314196698788,167.239109675059,167.371943175406,167.376761652078,167.397567058326,167.362145995353,168.443690278939,168.369903333978,168.365853989357,168.461136824056,168.434349290237,168.357946941097,167.750019887183,168.279372769044,168.114603453163,168.472427717291,168.299600408229,168.452827347129,168.410449811493,168.468392762563,168.48798011731,168.992986035736,168.367234479754,168.465111052976,168.319883928,169.170954566782,168.369945021205,168.315133065327,168.332993265932,167.839935584626,168.344988611835
1075.7764812921,1075.94405386498,1075.96218739597,1075.95308908837,1076.00058057477,1075.99463392192,1075.99222042153,1075.99301129328,1075.9930308134,1076.0154945899,1076.07924115079,1076.07154604516,1076.07272169929,1076.07463138201,1076.07035028547,1076.06629676733,1076.05562272637,1076.08124523443,1076.03076367792,1076.15863007993,1076.15393624587,1076.16138995802,1076.15964134749,1076.08244708221,1076.10654856853,1076.14950166519,1076.13015178577,1076.13474112466,1076.10592918271,1076.13897299282,1076.13278426604,1076.1405553199,1076.13075619306,1076.09406742568,1076.30031466269,1076.22866055567,1076.26345348948,1076.2158383459,1076.25704926394,1076.2453600407
26.2639786566819,7.61971707876638,7.77576859171448,7.71673282876297,0.630600539130356,0.628029321760301,0.627542090027482,0.627603479349309,0.0204137523486063,0.00398886418780261,0.00409156967549338,0.00121474611064835,0.000317955064450309,0.000265374544496659,0.000269116179105011,0.000270613109680735,0.000269158427253565,0.000192076777326371,0.000196702920692935,0.000195208578552856,0.000188497795359936,0.000189905235578648,0.000183033523396277,0.000184224419037854,0.000183592658987883,0.000182943630435117,0.000183346723239268,0.000182821204042321,0.000183090642493585,0.000160553735115494,0.000160278513683944,0.000160582887272432,0.000159010762127045,0.000159691339827541,0.000153819108892122,0.000159743980173587,0.000153764618546307,0.000159324698139127,0.000130107629408369,0.000133891316519276
37.414420313501,74.9194674404496,76.5496674925693,76.5190266743209,76.8206769791649,78.2642867837172,78.2719550582749,93.2929759838349,97.632159422212,13.5280283120644,8.90245282462594,8.89933917319412,8.90271608522339,0.525606488999844,0.525604802781992,0.525604900286124,0.525602840245385,0.0702652912235283,0.0702653795892028,0.0702654300438042,0.0702736871280164,0.0121537861638863,0.00082495891615913,0.000331116163408741,0.000238932439542012,0.000238833227189209,0.000238756531408743,0.000238468537677573,0.000238947468091789,0.000239019581322131,0.000238052394671055,0.00023849513719101,0.000232307534769973,0.000232386087049417,7.44753705867888e-05,4.62998611691417e-05,4.69801610450734e-05,4.49247174365464e-05,4.40779806763604e-05,4.3990507583905e-05
9.75791489889382,0.277559149793962,0.0307222141802786,0.0247445085547299,0.0198757267951427,0.0163625042959443,0.00239018357295053,0.00222269768975535,0.00213299089528595,0.00110271260308369,0.00105023796758882,5.8909422142313e-05,3.97794430938693e-05,3.94031129778554e-05,4.00271199015368e-05,3.88925827823705e-05,3.97713286818997e-05,4.06710987477891e-05,3.96061157646887e-05,1.40587814787738e-05,1.32289086850194e-05,1.33291179674408e-05,1.14565043999704e-05,1.18311026297609e-05,1.11927387098453e-05,1.16179552944568e-05,1.22376622594379e-05,1.21639066982421e-05,1.31757172737479e-05,1.41331599989126e-05,1.20655513967367e-05,2.08175349192813e-05,1.31019814762884e-05,1.46677651775733e-05,1.28808227278483e-05,1.75847562157879e-05,1.52082177591679e-05,1.70362796085703e-05,1.47223991501289e-05,1.01471194248812e-05
75.0982857925026,74.5269168453805,74.52259979267,74.5268456146566,74.5351980758984,74.5336052902789,74.5392635013304,71.8345269744869,74.5337316824237,74.5395509912819,74.5392604967461,73.0719436278482,74.5309529888895,74.5395458401134,74.5462597017614,74.5421043987803,74.5422537035078,74.5422631927256,74.5424849625717,74.5426032628781,74.5512290526498,74.5426769005314,74.5443104955182,74.5512068541483,74.5456953438767,74.5524324928487,74.5524099019288,74.5431914561814,74.552421839471,74.5524167127717,74.5520608217795,74.5523630174903,74.5523716162282,74.5522169823288,65.9010329076331,65.9002193359486,65.9003117284859,62.7255031247313,65.8993028113944,65.8993122377892
358.799797869538,604.497082557495,144.069686052699,513.597506140805,454.284597112274,510.623334022207,123.628616112401,427.792649042279,2141.90408834277,2141.83400711883,2141.90336254191,2141.9182874211,2068.65411973433,1988.07265090954,2078.1791399073,2141.90027670876,2141.9184131861,2141.93498544265,2141.93550511171,2141.93426898469,2141.93548733901,2141.93342455771,2141.93342858753,2141.80903161039,2141.92734835507,2141.97840221958,2142.01335345672,2082.47525569131,2142.01497463421,2142.00645854365,2142.00668817883,2142.00659385474,2142.00646824841,2142.00599158658,2142.01367197052,2142.00795853555,2142.0040357301,2142.00401321467,2142.0040985112,2142.00411425203
11581.7094641816,11383.685119356,11495.0827163451,11495.2704795742,11505.9349386024,11486.2045171538,11506.6928494013,11499.9939073961,11506.700821443,11506.6872056598,11506.7071301332,11506.3252201045,11507.3484853243,11507.4701510088,11482.3329777441,11507.4845127153,11474.3750639545,11507.4320899449,11507.4389118802,11516.6680996648,11516.6331257916,11516.6624538321,11516.6361236643,11516.6569184165,11510.1705294555,11533.7943685123,11533.7616003033,11529.7805901108,11537.0230461889,11536.9494668858,11506.4803160724,11536.9812149028,11536.9825813126,11536.8826347214,11536.9017579643,11520.9898053681,11475.8458682628,11536.9488511815,11536.9523449906,11536.9709303883
387.834207446727,293.033349712232,152.359249696562,56.2346424449958,0.0409882742220816,0.0362673353432983,9.52509988186671e-05,6.16321072297037e-05,9.2990092326663e-05,5.36291411361976e-05,4.6580701245081e-05,5.88777265171622e-05,9.03785621530924e-05,5.84044615766487e-05,5.75505050046331e-05,5.28306003563536e-05,5.12331886991175e-05,5.18146309562903e-05,9.77150761490045e-06,9.86294947434227e-06,1.09762126687878e-05,8.15759796946386e-06,7.86669994468731e-06,8.63068597561932e-06,3.36948592222989e-06,5.06223231823958e-06,3.62404658956235e-06,3.28896094969653e-06,3.74527043025781e-06,3.64667408693113e-06,3.70090070859506e-06,4.41785175736581e-06,7.02433782483177e-06,5.24701922664022e-06,5.89175456692916e-06,6.052036385525e-06,4.22440023927819e-06,1.3035076770933e-05,6.64139506584468e-06,6.84534197034643e-06
12368.3798464438,12297.417749026,12292.5124860611,12284.3053998874,12282.5968433813,12265.2454235943,12264.9057043892,12264.9057663047,12264.8953854081,12261.6060450391,12261.6113955444,12247.1060646756,12247.7810701047,12246.9045978638,12246.9158630198,12247.0787024215,12246.9090692832,12246.9110794907,12246.0538142353,12246.0303616813,12246.0345880723,12246.0585699282,12246.1222878171,12246.0687683674,12246.0346069767,12246.0555002406,12246.0594404656,12226.0627502519,12226.0522303096,12226.0820543728,12226.3769528635,12226.0848119578,12226.0573902898,12226.4737085036,12226.5300874537,12226.0912158929,12226.1153192858,12226.0837146733,12226.0800089984,12226.0857442587
1834.80709497279,1868.93504095861,1357.93784205894,1357.13106005985,1357.00700490303,1356.79385731199,1356.73360046612,1286.85317596816,1298.98884853831,1356.70840149203,1356.38604988729,1356.37406027802,1356.36421153175,1356.364140301,1356.36236968191,1355.31820000694,1354.89791880649,1355.29435899477,1355.11478117808,1355.11469586682,1355.10217340354,1355.09318378369,1354.69367499101,1354.67336293184,1354.67637196362,1354.67639673729,1338.2647693936,1354.65694925942,1354.67655773972,1353.8700663112,1353.8196315899,1351.64539373533,1351.64238357799,1319.35380923431,1351.6417207195,1276.45858158964,1351.63644516347,1348.57321959373,1348.59234580813,1348.57167415133
7560.9894414264,7601.36121211757,7607.12190736083,7608.73410759119,7607.91630539241,7621.35476343571,7621.4759713164,7623.75189630706,7624.42695482838,7624.51119640244,7625.7501512208,7621.00902632209,7626.84100579016,7640.18417961896,7640.56457579178,7638.46256348371,7640.40567500153,7641.96599715071,7639.78695704363,7641.14314261314,7640.84339484064,7642.00487690026,7640.8474189559,7640.71315274884,7640.46347143724,7640.41716467262,7640.37438221383,7636.49429308781,7637.1057917398,7640.54303309364,7642.37143859337,7640.4720805974,7640.13221501705,7638.81215254666,7639.5765056351,7640.61387042052,7643.19526810129,7643.88800167029,7638.706303613,7642.00305455273
31698.8386921971,26752.4102523018,24670.1795358518,24580.3205676175,24669.8108762497,24579.6963179062,31436.711597624,31461.5701201899,24645.3515746593,31699.0416148213,31302.3598140985,24600.6619696102,31698.0281712875,31649.8201274331,24669.8724843943,24462.2280606678,24645.4229735067,24645.4003666911,24669.3016292696,24526.5831202457,24669.1686197853,24668.4856059962,24349.0308642475,24667.8800483472,24598.1476282931,24668.7480771549,24263.1030727819,24365.5877949025,24668.1741015315,24668.8461530383,24663.9741664241,24408.3218098612,24668.9008682803,24670.0545027859,24669.9558519346,24668.5659982992,24668.4869722693,24333.0802227079,24361.4731347682,23842.3221832331
21937.0304556322,21999.3546905136,22441.8981501543,22294.4935666396,22510.2631733881,22445.1118680585,22455.5426412681,22449.5495439518,22405.3369130767,22446.8927825292,22444.0617355427,22454.214326212,22444.1030050603,22413.619598311,22446.6080833745,22444.1089628721,22468.6455464275,22486.0757519982,22443.0546661702,22434.4179822258,22446.1945023784,22398.412223716,22441.2640731074,22451.3529059611,22482.393197134,22468.0221360195,22419.4546671245,22451.6569854836,22421.3313246348,22443.2659841635,22444.7004997673,22450.6278994458,22471.7452925851,22459.6894717447,22465.4021329173,22451.9303666343,22518.5465002655,22445.20381236,22441.6169839862,22475.776866269
19896.9708102113,19876.9200546762,19877.479980409,19899.4737709586,19909.7962906079,19904.5862222793,19911.3120803798,19901.3751689681,19849.564145656,19858.7251863649,19900.4252068443,19811.2088352635,19837.871055755,19829.5388767999,19544.4087267465,19827.5983746957,19824.3277382543,19839.5545021489,19622.9014278798,19812.4380137871,19921.3195082398,19815.8235215066,19796.7621936281,19914.1947073989,19783.8151852502,19774.3150420525,19732.6737285627,19765.3926776046,19896.1489622213,19761.9863824324,19752.5500541908,19762.7663313563,19822.2925001497,19679.9522910799,19922.9545438593,19921.7355163653,15408.0258926105,19707.1363116754,19920.9738059002,19569.002429106
8849.65809947425,8848.85825802888,8849.0289166752,8849.09458500337,8849.42518750844,8848.79199537906,8848.81290358762,8849.55258271012,8851.11003781367,8850.71821742532,8848.39979291025,8849.02834482232,8848.34350145977,8849.50623123397,8848.33235416772,8849.77566999334,8849.71668115958,8849.9624692396,8849.99176202672,8847.82894501037,8847.84817742823,8849.3113914397,8848.64879260433,8847.74897123136,8847.72214278588,8848.02616985911,8848.44858493956,8847.8241356938,8849.41244724008,8848.51803016024,8849.74743916445,8847.97657047,8847.68640255321,8848.80742128059,8847.85277878402,8847.20767778477,8847.50441923355,8846.88237273477,8847.32503933464,8847.34115634398
1.00208048986464,0.359909068626889,0.00624225012625471,0.000358120652451522,0.00024379484457413,0.000239031290508992,0.000240767241025507,0.000237366368744361,0.0002129640939875,0.00021403525562895,0.000214748955717502,0.000214090705296474,2.59267830584165e-05,2.59733877433597e-05,1.37660646593197e-05,1.46154690637127e-05,1.60963023440027e-05,1.56185059670027e-05,1.42879137161406e-05,1.37196118147693e-05,1.49864972513955e-05,1.73316420633698e-05,1.29641060587592e-05,1.61517416741379e-05,1.4691317224367e-05,1.23740711558814e-05,8.53490318437375e-06,5.80070399869801e-06,7.95105486603926e-06,6.58463605989148e-06,5.44888585664617e-06,1.12140222633022e-05,6.98753665926976e-06,5.16798245681755e-06,8.5781090381925e-06,7.24522980017997e-06,8.17266150175537e-06,1.11228595048394e-05,6.21799486811121e-06,9.56339712901234e-06
22510.3314752735,22707.5279213929,22760.4986401819,22694.9891384788,22762.8833669599,22752.3222072775,22741.6240429124,22791.8806024379,22779.1547552149,22580.3802468424,22792.1584080736,22777.7067699015,22792.1489850477,22792.2001377055,22764.9394986452,22792.135222858,22818.5137347565,22818.4912589378,22843.9580886533,22844.0284540501,22844.0970894093,22844.040571304,22844.0553489923,22818.5792043958,22819.263069276,22844.023427204,22843.5162144403,22813.7072241429,22767.243935616,22824.3242579583,22815.583537156,22830.5498167059,22843.2963735337,22842.6105642206,22843.526835923,22843.6613206077,22843.9109816978,22769.3071145415,22843.6266613136,22807.6873189289
1434.71961625543,1415.83300833658,1433.59395200769,1433.60925362745,1433.35974419026,1433.69843057985,1433.34697949347,1433.74309244582,1410.16357337065,1433.74323343218,1433.41152926845,1433.72893699669,1433.71940274959,1433.71727339299,1433.7183335627,1433.7155716062,1026.76737959443,1026.71485947824,1026.58803374353,1026.57310299121,1026.48587830578,1026.44765038446,1026.40210317531,1026.51102753131,1008.80943283135,1008.81453939183,1008.88274127366,1008.82082203951,1008.81476461309,1008.7637647277,1008.90222977504,1008.7824587358,1008.38182969644,1008.43633438782,1008.71450780313,1008.39327978485,1008.39870893348,1008.54740574616,1008.45778166106,1008.69232082811
22163.2846066811,13893.0288073413,12336.4386557087,12036.3073456709,6327.16757721603,6916.8226533037,6512.56358220771,3120.17791936367,3120.76516656945,3119.73681421596,3349.35627912352,3134.96457454724,3118.07663672828,12690.5833223218,19206.957767248,18739.5636879413,19286.0181088594,19490.7512088999,19701.9086401036,19327.7979447562,19427.1255240121,19383.9469428805,19290.1931209291,28663.5489230614,28915.7621642291,28913.5039966737,28566.7474012369,28914.8337610807,28914.3956043665,28594.9705254154,28915.3456251013,28913.0920364737,28906.0202742334,28428.6132518701,28723.5343070529,28915.0893591379,28676.8818098845,28917.5335534075,28521.3305039249,28912.1535936264
939.976276998358,902.939104421351,905.048612456836,906.371438533521,906.655908723579,907.140325772963,906.972682884655,916.653991983162,925.190944051465,926.164062838292,926.538073655793,929.981192930243,938.910441621801,939.26634903616,941.102746614295,941.916294144187,942.457005509525,944.822232153899,944.840337396872,944.286750096136,945.204523328599,944.095756409731,945.050364514107,946.603999218144,946.752153018376,944.742673604863,948.293156834966,946.174436508999,948.348589311986,946.982544779873,949.263232578734,948.179417839675,948.283095662871,948.251133576873,947.130656758449,948.802800547264,949.966943941823,948.424867655482,948.494455240446,947.601346866842
36.2492072305023,10.2133046381431,0.53008189277579,0.0194903520851587,0.00136258859767007,0.00032974382859479,0.000327174323153996,3.9035228421619e-05,3.78211889610729e-05,3.78720859239944e-05,1.86002488158792e-05,1.84635363084177e-05,1.84114565914871e-05,1.84880396613766e-05,1.85672763867722e-05,1.8354840405657e-05,6.53502433092214e-06,6.47659680856243e-06,6.50872528706887e-06,6.57763901364309e-06,6.33964602960901e-06,6.78159254050334e-06,5.91512544532074e-06,6.43945849219862e-06,6.37372190240645e-06,6.50355726990319e-06,6.65347747940244e-06,6.44838193991717e-06,6.86620698373971e-06,5.19099558848085e-06,6.68017564228129e-06,8.4517507584844e-06,4.89344447654834e-06,4.16033420603966e-06,7.79637226258418e-06,6.89091956184534e-06,4.66615415981994e-06,8.28101125410634e-06,6.71951415592941e-06,7.03722367345129e-06
137.304820162772,127.573384472467,126.584810313152,126.546806802263,126.539522284767,126.529382760606,126.525015901417,128.680684279391,126.525090186358,126.525504841835,126.52568010458,126.523178747972,128.564345613901,126.522945439089,127.084826444937,126.521774585855,126.522018710682,128.276621965305,126.522013017229,126.521846850387,127.338588228748,126.521244989424,126.520248140523,126.51996680892,126.519963628074,126.520124590441,127.23942368777,126.520167638223,126.519842312705,126.520199909484,126.520196416096,126.519807047906,126.520200826987,126.520187371515,126.519819844318,126.52021681191,129.951701583194,126.519688117031,126.5202238067,126.519761912701
24217.6256851253,24239.7278709193,24245.6432738943,24246.1085090667,24247.2573577395,24251.1778760549,24228.7848735947,24251.1531744755,24249.6426404253,24254.4283966891,24157.6137567765,24254.4586679596,24252.5670439862,29734.0702539953,29737.6488118197,29716.0251652791,29735.3675657579,29735.3852050187,29730.8295306637,29735.368765542,29729.7901717931,29735.3740613417,29727.1058650689,29730.1391678009,29734.5830347976,29735.936372112,29735.1377704326,29701.0328540098,29738.2167241825,29730.7371425341,29725.4102007064,29730.9320696304,29752.1045429845,29734.0872996879,29735.2694405589,29746.3073328854,29735.477506144,29736.3258731733,29727.3438773895,29735.4286395509
106.053576486191,92.2768371998392,92.265151420298,351.931702391435,351.908607049212,351.78118134605,351.752461913065,351.754740554829,351.750155098384,351.640189772263,351.640684970762,351.639941785814,351.645728065927,351.631501183224,352.039840454746,351.569045110271,351.543255136728,351.537531054553,351.543293823738,351.536205141378,351.524553878117,351.599448268126,351.461453258909,351.510417695998,351.501198382602,351.496197178839,351.26781784112,351.294117108768,351.305685080745,351.242126901615,351.278548477812,351.296868766739,351.296471471584,351.247247875343,351.255042970817,351.370432110237,351.277146011934,351.236939350904,351.183883496375,351.110045577566
1196.7268955979,1199.93039770451,1192.78314933958,1199.11354554002,1185.05685528324,1184.66661603193,1184.43095959756,1184.37184777228,1179.55249600179,1178.9860804849,1175.65724696701,1173.17452069224,1173.17315236775,1173.16992914411,1173.17110612093,1173.1641539494,1170.97623272976,1169.69429724139,1169.45199216529,1169.44906792962,1168.56680504105,1176.75140857108,1166.75843268666,1166.7599039209,1166.75980628844,1166.75626220567,1169.53240542062,1166.50358962354,1166.50084333127,1165.97582537243,1171.0877579594,1165.94295761619,1163.96786156317,1163.96799437281,1163.96798076435,1163.96821669566,1163.96400346561,1163.96401590017,1163.90249115542,1163.88577869938
739.750306219932,739.61161069744,739.635026424688,739.63439539004,739.629681044487,739.596490190186,739.800756991515,739.65025381354,739.940864066694,677.337548518605,739.986197184534,739.960549552029,740.006467098007,740.006227444679,740.006098984971,641.701277704478,740.007375637605,740.005966753236,740.00734292532,740.224986206481,740.257945418237,740.25408419982,740.274563302299,740.277449502985,740.558696635553,740.680777318838,740.677938242211,740.680518555058,740.677836379956,740.66570964817,740.665596481784,740.662599793716,740.662591058635,741.019953477477,741.016544503396,741.297465282225,741.297037150781,741.295626662527,646.292418355161,741.351380974112
237.231719362284,175.973027567434,174.287991464422,172.823473628448,172.80834175041,172.788260441955,172.788083537267,176.506490405475,173.18303284027,25.1295790010839,25.2507029155731,25.2522674466023,25.2572803891319,1.10888152301337,1.17383798390375,1.8180661364615,1.82185458170542,2.40833403309599,2.40923502980123,0.130242511426262,0.130384285728702,0.014114100486579,0.00431008000358658,0.00436868759126623,0.0042390394252123,0.00436434489298127,0.00221850759077601,0.00221782045056456,0.00220380919041723,0.00221096426145253,0.00221673720228519,0.00222108511684492,0.00222816214572636,0.000669145027267734,0.000676580883620237,0.000654107955876556,0.00065038614901927,0.000664982342373533,0.000636830393769519,0.000117319015521109
313.325082452844,317.722182324747,317.375544958786,317.275079332881,317.238975431288,317.236698511548,317.234960062083,309.630184105878,317.231306388126,317.231201338676,317.230255175464,317.234780194687,317.235672856356,317.233093269407,313.560763305611,317.084265141757,317.194097914787,317.193772692523,317.193684612078,317.197534941157,317.19709796539,317.19501754884,317.19484906009,317.194832818085,314.364694271063,317.194867985274,317.186602344179,317.184793953765,107.070636884426,317.171153153925,317.130145030604,317.132276670361,317.137522341849,317.137427247227,316.419912262161,317.137189599685,320.570787946745,121.777766883754,122.214800816336,122.086923999795
323.978520551617,323.450220708757,323.439068848461,323.401200503419,323.384365901728,323.436354330079,323.423300928486,323.422439038996,323.41639304534,323.39730922796,323.395919034705,323.301633407623,323.301624038745,322.942139082729,323.291355708767,323.291090504468,323.289884248474,323.290542776684,323.290719031395,322.925047447708,322.925036517867,322.925056789242,322.92467869801,322.923741100938,321.734503968171,322.920685515585,322.898632970295,322.778749043277,322.455776996402,322.505956453045,322.4467718507,322.505937296445,322.505692351717,322.498965028352,322.498492273435,311.645702678246,322.484658953913,322.485767014,321.184236045324,321.397641905083
35.6701326244457,0.153586052166303,0.151488479886897,0.957629115506626,0.0815580136233296,0.0815514736347838,0.0013740727543202,0.00122625941584377,0.000528021844760006,0.000298969763955078,0.000265954136610776,0.000228329816991,0.000180736176108572,0.000113691296924445,8.60455150940624e-05,8.60673223350663e-05,5.68370923145913e-05,5.67266421968476e-05,5.21265719107739e-05,5.09685660846976e-05,5.09419405792909e-05,4.16376562443047e-05,1.38156755192189e-05,1.36883169686217e-05,1.34400849910839e-05,1.21904072555115e-05,1.22575894290815e-05,1.21885775862871e-05,9.85285669355134e-06,9.95843726472659e-06,9.43509269302019e-06,1.00326366765363e-05,6.7532716112325e-06,6.90459216002356e-06,6.33862132843146e-06,7.2729138607638e-06,6.76647499816966e-06,6.73458329089115e-06,6.31926180317598e-06,6.34362057119506e-06
14402.9446524455,14870.9125869735,14081.3105582481,14636.7056140761,15002.9395195957,15009.1330955248,14941.8458321924,15035.6240746885,14863.3818256987,15024.4642848959,14571.9570428437,15052.6417983099,14662.8438638116,14807.5128789616,15036.2533614678,14974.3613111717,15052.6574891231,15088.4773112926,14898.4795810357,14253.5558171297,15086.8563733468,15047.8640611123,15088.3542504965,15038.590407591,15134.9045992661,15086.9848392824,15088.85087261,15135.0204199848,15135.6060956012,15108.2893111466,15029.431872528,15080.0644768687,15134.3866319476,14332.6914081864,15162.2269512548,15188.2019970129,15128.881226015,15165.8656918144,15150.1458885154,15115.8217920869
4922.61789782271,4922.70738810533,4922.74036118339,4922.74047632715,4922.81305054636,4922.90159455009,4895.63424810544,4922.93814586676,4923.07254213972,4892.93091536121,4923.07293154167,4923.08551754189,4923.08608947848,4923.07577272916,4923.08961701236,4923.08961042877,4923.09389126636,4923.12093500812,4923.10728708739,4923.10669964116,4923.12940048916,4923.11083421747,4923.16948300985,4923.3306469126,4923.34608683714,4923.32498628172,4903.2982293586,4923.32293856511,4923.34524084112,4923.34196471529,4906.29535624809,4908.98320255135,4923.31907224601,4923.34457375168,4923.3442715176,4923.34439807138,4923.3165718628,4923.33884218007,4923.33875420121,4923.31507144352
2.26590334375952,0.0171660708116493,0.0147800279355993,0.00495196700287405,0.000473043155803367,0.000464203368973423,0.000463992353801346,1.23476505190141e-05,1.16234761822e-05,1.15942045414556e-05,1.15621547789608e-05,1.15267777594856e-05,9.10776815924793e-06,9.10685391103319e-06,7.27366415102356e-06,4.40761342748512e-06,4.41098274529688e-06,4.40480939798713e-06,4.43241223668205e-06,4.42212884304477e-06,4.43761980804709e-06,2.12699867040953e-06,2.12941679547183e-06,2.11447942194647e-06,2.09276233750698e-06,4.02411319900112e-07,4.15305097344722e-07,2.22308000729639e-07,3.1156738161458e-07,2.00001675275348e-07,2.21920586356093e-07,2.39338156657101e-07,2.67940792039681e-07,4.4572711101578e-06,6.07346925608313e-06,6.21029921410888e-06,8.71773258032e-06,8.79243917629438e-06,6.56597479898859e-06,9.25748163167003e-06
0.903716087198968,0.0335853906404858,0.0266618983233131,0.0264357244113019,0.0263218792205348,0.00511876446716905,0.00510574455849297,0.00329224406166669,0.00325011800715304,0.0032625176086378,0.00326077936361648,0.00325402152419056,0.00325899655261333,0.00325721075299844,0.00325310980239382,0.00329996395160007,0.00329700471487682,0.000220519532627393,0.000220510971998489,0.000219998249519694,0.00021983519692182,0.000220024933181376,0.000218746957568054,0.000218764977654262,0.000218508563122533,0.0004507659000084,0.000450927922181459,0.000450940043004094,0.000291123658271652,0.00029123700777922,0.000279735919836558,0.000280081416683051,0.000280369093993381,0.000280364484743976,0.00028031942605831,0.000280124365771427,0.000280404161486609,3.43297717747372e-05,3.37768103503268e-05,3.40649956190607e-05
267.726137995333,279.86248451863,280.231369473427,280.235858834778,280.25125588164,280.251791159775,280.250685039582,280.247497061826,280.209951962955,280.189059829112,280.218070603591,280.187571827695,280.227861880042,280.195742102745,280.170512759994,280.187106658818,105.096719533134,348.005483407163,347.966498518059,347.953378900571,337.782289178732,347.900987356414,347.888263420671,278.187906462696,277.948713442308,277.961740006795,277.939312227665,277.938573769065,276.50087384214,277.935778587613,277.934471071448,277.933865878378,277.954851850956,277.956046209711,277.93345455607,277.933429421976,277.956491580927,277.962128750031,277.931592455804,277.931650025146
21526.2845507103,21528.2507753327,21528.3179263193,21526.8898895397,21528.4758392023,21528.4798165586,21528.484966391,21524.4894411811,21525.3661639759,21523.5844545191,21528.4920077254,21528.475910569,21528.4852328799,21528.5710092587,21528.7277397261,21528.8146828055,21528.7953546092,21527.0251534819,21528.7118385261,21523.4996827769,21528.6824849866,21528.7884812557,21528.7980352829,21528.8200430932,21526.8385122534,21528.6615924501,21528.7103778697,21524.5153139789,21528.8724680303,21528.7851562379,21528.6661970746,21528.7566771828,21528.8584982619,21528.8049860701,21528.8729806202,21528.7524000332,21527.3431749303,21528.7148669708,21528.673712899,21528.8203939827
4.21224008170772,3.33881537845337,3.33573535222532,0.108763653112282,0.108818177715024,0.00728791743951797,0.0072819945010803,0.00227402708426946,0.00226017555363101,0.00105706379203462,0.00105715825266051,0.00105513035180646,0.00105596849334268,0.000899027486770226,0.000860335499476265,0.000258712063130906,0.000259114831438482,0.000258399857691151,0.000250775720299559,0.000207573738351997,0.000206841235066728,7.77957957296496e-05,7.87776925397031e-05,7.68277107383195e-05,7.63647300520565e-05,7.7458871915662e-05,8.17707107357476e-05,7.86463108492113e-05,7.67677718657049e-05,7.92150635178237e-05,7.90990386420538e-05,4.97742911632474e-05,4.97380574113865e-05,5.47195988973146e-05,5.23661328466201e-05,2.77348209327496e-05,2.95999537563996e-05,3.11846260163589e-05,3.43996838881222e-05,2.92877092590033e-05
9987.13596642308,10404.835898466,10480.7145933934,10547.6854909832,10646.8935852206,10674.2237766012,10674.3482715479,10869.1276500653,10863.6733207568,10865.4720135127,10869.1485260858,10869.1365582684,10869.1883356398,10839.8060152678,10869.3141471539,10870.8931121604,10874.9007413645,10891.7900182202,10870.4894571492,10884.7057237225,10892.1824277267,10876.224005555,10886.1734507311,10884.7130481732,10879.8069417669,10891.2552718809,10884.6372109705,10968.6374548401,11052.7880980976,11051.2621598663,11052.8390618031,11053.133996481,11052.927164353,10837.8929121495,11052.8528461694,11046.7916453772,11052.7378680974,11053.0090967978,11053.0621152415,11053.0678623035
6.06157354618571,0.0108503160311657,0.0151179035873555,0.0213224457266241,0.0278606245117875,0.0964909536211404,0.00919727754888913,0.00920048306694249,0.00925093387663186,0.00894723572291723,0.00924955201061193,0.00164247912198781,0.000234607846299065,0.000235293882547154,0.000226783729654791,0.000231590422815779,0.000200495579579197,0.00023051524256544,0.000220517601649927,0.000220370502202235,0.000229441502356048,0.000216458453776659,0.000237923935307385,0.000236900604603747,0.000235512120315002,0.000236881630077422,0.000238233381342262,0.00023714379865423,0.000237277293814504,0.000255256102900024,0.000256659436025193,0.000290907052336696,0.000116652857125418,0.000114299717437742,0.000119252756663689,0.000119118202116715,0.00011736969692719,0.000133833450683639,0.000120981817785946,0.000120059149730541
10332.6669535444,10321.9181447789,10319.9891717072,10319.401929009,10319.2092804864,10318.341070641,10318.1582869813,10318.3458394777,10318.1672739499,10317.8876501152,10317.9026476154,10317.8959929303,10317.8389550324,10317.5179471541,10317.7612124702,10317.3791384728,10317.4166531425,10317.6800715138,10317.7087560956,10317.7122085954,10319.7805228738,10317.7336233011,10317.6181019449,10317.5190389417,10317.5312521575,10317.4934481563,10359.9702758579,10317.5189530941,10327.5072692117,10317.5435050263,10317.5586465087,10317.5700489614,10317.1855165789,10317.6041426702,10329.6620505231,10317.6053335053,10317.6166989348,10317.6209366734,10317.1893714976,10317.592935921
479.218446999738,1045.29499973249,1044.24772245698,1044.09371333092,1044.09713323523,1043.99234289114,1044.13005187601,1044.12866730292,1043.96071220599,1044.10178474494,1044.10102053317,1044.08501682244,1033.47904958855,1044.09371046414,1044.14699871559,1043.60020446019,1044.26444456079,1044.26448060446,1044.2642209316,1044.12227554383,1044.25692559118,1044.24825973858,1017.12345594701,1044.38099000906,1022.71939567137,1044.41154933603,1044.40872008125,1044.40870860141,1042.78818515815,1044.40359912447,1007.75708407637,1044.40504727268,1044.40510914225,1044.39767064598,1044.39767293704,1044.3969288403,1029.35877248554,1044.38926781653,1044.39639107762,1044.39961022408
1.19034899475041,1.16986068476437,1.17034276168428,1.16756912310283,1.23225745944242,1.2345337377937,1.23463303340736,1.23456585097143,0.000371415712075426,0.000367021899391041,0.00021720806676491,0.000217341355545418,6.54899371459231e-05,4.46339056589809e-05,4.87951545409224e-05,4.85838556613186e-05,4.77905245428267e-05,4.91933866127359e-05,4.88414345961623e-05,2.55617129699277e-05,1.44486681197032e-05,1.47034419601142e-05,1.47070037626719e-05,1.41324505721887e-05,1.4860866651919e-05,1.42032722486285e-05,1.3618158731826e-05,1.33823157351511e-05,1.38017222070373e-05,1.81600017158999e-06,1.9415740480315e-06,2.02291097963935e-06,1.90602003260881e-06,1.97642410094642e-06,2.16658085948192e-06,1.97914621377498e-06,1.99912751333888e-06,1.8734499812513e-06,1.97232356606625e-06,2.13874511977515e-06
223.491137727631,3.43094146466013,0.155572237759024,0.100027658329138,0.0986069603836583,0.0932679718731564,0.00034058603703854,2.56919869935755e-05,2.45547744133753e-05,2.42638193240255e-05,2.2610822924926e-05,2.24673496138485e-05,2.19020871306702e-05,2.19422260257421e-05,1.94531668189563e-05,1.64848160251512e-05,1.61943549939611e-05,1.59830181815979e-05,1.61762056232971e-05,1.62571323456518e-05,1.62259276113889e-05,1.62404161374323e-05,1.63596051018834e-05,1.53638808054146e-05,1.52772715609142e-05,1.52298780904104e-05,1.53747015829695e-05,1.53635061773321e-05,1.56721050326545e-05,1.52898708661064e-05,1.53103491891798e-05,1.53768107254283e-05,1.59172029612271e-05,1.5955643140657e-05,1.57494101327505e-05,7.65259759503339e-06,7.3084570100326e-06,8.13474830811664e-06,7.66168360144714e-06,4.56791488308891e-06
0.187296015461799,0.1657714892319,0.000227130321725446,0.00016077644577806,0.000130733199865323,0.000110924785771128,0.000111635587291032,0.000109566738743247,0.000173452617344103,0.000192048589417476,0.000170344916296541,8.07579645156368e-05,8.09086442985419e-05,8.13636308564227e-05,8.27230599363393e-05,7.45898040792982e-05,4.23048117874813e-05,4.20420610184687e-05,4.53873923500657e-05,4.52766218888362e-05,4.59878997094817e-05,9.46156150125289e-05,0.000173541251859638,0.000164609939201362,0.000162715888103745,3.04277101799164e-05,2.99410406022002e-05,3.13358226667544e-05,2.93838352434227e-05,3.05576210482359e-05,2.96529950579318e-05,3.94461194174225e-05,3.56437456156402e-05,3.1274061044424e-05,4.38596354991013e-05,3.24876873753506e-05,3.55177895344931e-05,3.85034183287286e-05,2.51643569161148e-05,3.37480809166509e-05
56.2548138382637,2.11888317209066,2.11694032191319,2.12204013260809,2.11737552244894,2.11897926444248,0.016371309003379,0.00077982071655543,0.000303838044543939,0.000300845059474517,0.000183103183677757,0.000165697915872696,0.000166724416678835,0.0001670136137868,0.000185302360083753,0.000239463213238346,0.000221681820474004,0.000223546891950869,0.000218297739917827,8.02678173092315e-05,8.28298154100848e-05,8.17401260868539e-05,8.49760462142656e-05,8.7289662489792e-05,8.0074469123563e-05,2.79682210636996e-05,2.44575889434894e-05,2.65559387504082e-05,2.84917679268803e-05,2.51088615428789e-05,2.63863169932761e-05,3.42875523743784e-05,2.88110465357699e-05,4.86830375008705e-05,2.76190117652042e-05,2.93745997802228e-05,2.33769173507778e-05,3.16294800696448e-05,2.57112852801672e-05,3.3892161720829e-05
3749.97094470057,4444.00941470189,4509.33109186327,4507.74437021204,4507.39535216086,4507.25252193958,4504.74686663333,4504.74775130996,4488.97795471448,4386.73855253896,4503.82591824644,4503.61901525932,4493.31908670414,4501.90526880213,4501.91315688374,4501.91260402768,4501.90491946299,4501.90400174892,4501.45947801522,4501.54968499375,4501.49930087468,4501.51215381274,4501.4897568233,4501.50056924348,4501.49969958023,4354.79545264599,4501.52290579254,4501.48686264977,4500.69765715277,4500.71072427145,4500.69004754294,4500.71298260393,4500.68747107308,4500.68784574609,4500.68677026555,4500.68891191889,4500.68690896127,4398.79139070428,4499.39626317096,4371.86099765852
12507.4881095782,12557.5382166803,12572.2963379814,12592.858687418,12593.2956586093,12590.3835943136,12616.7724090043,12587.8059097856,12584.8753399736,12617.1827953251,12607.751562747,12617.2155952269,12617.0334602992,12617.3767368261,12617.2837460623,12602.7993149225,12617.1624388006,12569.1439048538,12243.4100230416,12616.9636429003,12597.6118992254,12615.648453309,12615.6627549462,12596.3306758247,12701.9310753165,12702.2473445016,12698.1297714445,12688.4345518518,12705.0856394897,12704.8531096707,12705.6428762131,12705.1748831792,12719.1751188113,12718.8973877864,12704.2958785847,12718.906765757,12718.7812352138,12632.8450407521,12686.2878951036,12718.7973845128
3870.10471068507,3693.9144535729,3854.91730849066,3853.47157750955,3627.05936602123,3791.67737983969,3620.31428656718,3717.41214958631,3727.27848597534,3832.98784215533,3831.60832775005,3831.74120222713,3828.95127615267,3828.8058585479,3827.77816692524,3827.67912433915,3827.8042559034,3824.03309483725,3823.89502607247,3610.88922454788,3823.99081997255,3823.99075516213,3824.01407578874,3823.97560339597,3823.97463622075,3727.73005813286,3823.97217138852,3823.9708407873,3823.78479848961,3823.79447291373,3823.98310454421,3819.79398546648,3793.68114636986,3819.83908449362,3815.26958810324,3668.95656494821,3815.26947318481,3686.77588967213,3815.2578011846,3814.99121895345
310.93224230091,310.5035031754,310.472853243653,310.425899937754,310.407295526487,310.412274087011,310.212466896033,310.180726341885,310.186509055859,308.586935962871,310.051022055571,310.049356514777,290.873533277879,309.107749520865,310.013971701503,310.010789403672,310.010189003374,310.017365871975,309.873969325786,303.424795620341,302.810625419756,309.705825208971,309.440204512076,309.703143959751,308.03819908735,309.468289281036,309.455608635476,309.055305486731,309.315616197049,309.023613345692,309.022520560019,309.036943447265,309.021373247398,308.625741071925,309.015878990763,309.017142134833,309.015205094283,308.61135011343,309.012787786093,309.012144163527
15028.1611981544,11776.9036958642,11809.2464336843,11796.1965716021,11744.8132081592,11791.8253475592,11792.6425740181,11800.3963483782,11756.1367124847,11826.7318280145,11816.3591576924,11887.0862927693,11810.6414738649,11803.3057439253,11810.5152720492,11823.2139792675,11805.3850385121,11806.9630355586,11777.7913163805,11812.8266763167,11756.6102774346,11787.5010990864,11816.3038866645,11798.4936265631,11894.5124221165,11877.7484736282,11711.5849815861,11813.6272622283,11762.6470841861,11822.3705805007,11931.3868155826,11926.4331935979,11896.1495012639,11830.0811461357,11845.1778153762,11959.6950099296,11904.799380673,11845.4995872416,11961.2164363035,11845.3125831662
0.795132516902028,0.0624754746904456,0.0590538422989924,0.0255224048798191,0.0254659238026135,0.0253765333576876,0.0253088421631874,0.0253200577176881,0.0061377555096248,0.00616767395282319,0.00616727452217278,0.00616910311551448,0.00615598789211158,0.00616664100107553,0.00617399478522363,0.00616647499177626,0.00531319815904545,0.00531347185937041,0.00530099356120296,0.00530523036083064,0.00525458054333118,0.00530087761000265,0.00520455318185855,0.00608966276873031,0.00611077656369016,0.00611113749664309,0.00610091962184504,0.00609062016486441,0.00608102326882021,0.00129662946509627,0.001294205805637,0.00126182191904645,0.000565992927038006,0.000563278534808179,0.000565052254937695,0.000521785211645256,0.000537804574831676,0.000545257442409002,0.000543306063309622,0.000547141971252567
6.96896827999096,0.0246814190394239,0.0246573582725897,0.00165295284634455,0.000897523741801791,0.000865613935275609,0.000865747749583503,0.000811902533363987,0.000813231434722939,0.000805676507255337,0.000753081986795137,0.000747822769892167,0.000722983353423136,0.00072777434070538,0.000722831039008208,0.000727733004866877,0.000716184270089806,0.000725622261064713,0.000720078820265679,3.43493736905347e-05,3.36549106753035e-05,3.38275842420593e-05,3.49882399512866e-05,2.3766988520234e-05,2.29343284943184e-05,1.84957858790479e-05,1.93709099765976e-05,1.96269169300384e-05,2.22637481174734e-05,1.90074932728474e-05,1.90749447845212e-05,1.91653017627177e-05,1.99732538894157e-05,1.96129006982791e-05,1.9929607514418e-05,1.8907675363711e-05,4.18690012658368e-06,4.91213710200929e-06,4.65290459434745e-06,4.48869271064872e-06
536.804078363779,536.208216881329,536.135462787209,536.110361781019,536.125953754136,536.107574012238,536.108560108225,524.258939196046,536.044579529539,536.036789577485,535.957849018811,535.992021233751,517.433174982888,535.992105891005,521.348724066437,535.97907389529,535.978571324655,535.975188771018,535.980763375257,535.974938176023,535.978911662769,535.973774519948,535.975010775237,535.974705201714,535.972933693455,535.972942769023,535.978686093697,535.97839463653,535.97815115589,535.978173928769,535.977680375684,535.977969905035,535.985783416844,535.985775899402,535.976683702018,535.975881660839,535.992485850841,535.99213335192,535.991821953291,535.991784391555
80.087151011835,4.76772927410703,0.450905982928224,0.0170551074364368,0.00123847699687056,0.00092607270236942,0.000904666785678029,9.97760741058975e-05,0.000143648288084354,0.000139877257403626,0.000122987374881497,9.94616704398465e-05,9.67654895306455e-05,5.96061220336021e-05,5.54864868017864e-05,4.32018851742153e-05,1.16004868684913e-05,9.24102904453778e-06,6.6023608520169e-06,7.0133875616628e-06,5.79216922635077e-06,6.6529438641895e-06,6.29089335096925e-06,6.67781774282371e-06,6.71929847782064e-06,6.17056258517475e-06,6.51807081542874e-06,7.94783194071713e-06,8.28407037079533e-06,6.97820405716745e-06,7.21228297016882e-06,5.00609176229578e-06,6.52893459010625e-06,8.40630618881859e-06,5.78571029533039e-06,5.78472783534182e-06,7.00901924347958e-06,8.14448360209117e-06,1.12696228145016e-05,7.50606666327115e-06
2364.88169382054,2356.38150558888,2355.84991178696,2355.46538482276,2355.40217100071,2355.2177574031,2355.12799092798,2355.11552058262,2355.10518918034,2355.10262368251,2355.10188862065,2355.02974127022,2354.95219353622,2354.77219862776,2354.76787002819,2354.76787996563,2354.76724950072,2354.75704281552,2354.75377984314,2354.75072557034,2354.75060839334,2354.75063073706,2354.70971684984,2354.70963419037,2354.60787166948,2354.60486009245,2354.67634283285,2354.67636580918,2354.6763326703,2354.67616898082,2354.67415326209,2354.67385077268,2354.67384368183,2354.62195520204,2354.23873890757,2354.23846899893,2354.23851665103,2353.54973702955,2353.5466245981,2353.54648169184
304.276211830646,278.089856311854,251.856926746408,245.647985345795,247.038941299782,247.44655616807,229.359657817923,136.006409854866,130.040822896605,129.866493885185,1217.60521179817,1217.53579271925,1217.66069018258,1253.39599134037,1217.94379986242,1217.91038516099,1217.87178301611,1217.79099710596,1218.15486150315,1510.57991581783,1218.081180101,1218.10103533218,1218.10086677812,1218.19642096854,1218.19699914252,1218.24494012695,1218.24517153045,1218.98198563465,1218.9805736255,1218.98113287448,1259.68040472694,1219.03094106141,1219.03099132704,1219.1130731475,1219.7891190953,1221.69916017637,1222.53230369128,1378.74675897352,1223.40398862764,1223.40390878968
39.0360138883156,38.6592326920576,38.3344928886944,38.312721307824,38.3036610062686,38.2868132334266,3.21070525766801,3.92834735484276,5.65050460283762,4.49578516731746,0.671890729408044,1.9790479041851,2.03743503370172,2.03634316658753,0.0483925392674309,0.00322599254355594,0.00151470149787489,0.00147540576472547,0.00111307075716824,0.00111350772352534,0.00111344867481335,0.00111355702164369,0.00111194823594348,0.00104634843165792,0.000111140577438686,9.71355059015009e-05,9.20735347179491e-05,9.15595668821869e-05,8.73593100295806e-05,9.26261749114822e-05,5.46311053464228e-05,4.3447884380147e-05,3.97253484233462e-05,4.72701863110138e-05,1.79644115499122e-05,1.23347507422127e-05,1.24413253964378e-05,1.21283747304611e-05,1.11242822384998e-05,6.13742366924071e-06
22804.7906664193,22806.6978950649,22803.1282123385,22807.201149133,22807.193148296,22807.202903178,22807.1819769708,22803.6113269896,22805.7933368578,22807.1633172696,22807.1945978149,22803.3190575574,22807.1939189086,22807.2412294851,22807.2085321596,22807.2264315428,22807.2469268511,22807.2166336633,22807.203499528,22796.7911586749,22807.039676754,22807.1182603253,22807.1491703446,22807.2597724569,22793.2612537878,22803.6101574085,22801.0363637637,22807.1863818934,22807.3573042571,22807.1878547925,22806.6902753725,22807.2419688763,22795.5552943444,22807.3739767808,22807.2378426776,22803.9738928305,22802.0132760811,22807.0662960791,22800.3450263091,22806.7112921135
126.778529894523,17.9712654227193,8.85028608683908,1.22259569794219,0.0041385278863321,0.000839196802599869,2.07463202097989e-05,2.14871831115462e-05,1.31954920507062e-05,1.17851003928016e-05,3.43340102119369e-06,3.44772787469486e-06,2.87532767886158e-06,2.88817146419924e-06,2.53553897956827e-06,2.55773586332434e-06,2.44012210580109e-06,2.45594129067581e-06,2.42772277886295e-06,2.39981650747431e-06,2.37047908783201e-06,2.04780451461045e-06,2.02757634579735e-06,2.04565960367022e-06,1.9951290631592e-06,1.98531035212827e-06,1.96932455072607e-06,2.05888624552881e-06,2.03433123310487e-06,2.37291308099138e-06,2.05738637567478e-06,1.9604840721416e-06,1.09340953271213e-06,1.09340705465746e-06,1.22788478539629e-06,3.82372284418322e-07,3.47208651937509e-07,3.1252379870373e-07,3.56418210808183e-07,3.05488352179296e-07
16088.7443596056,15939.1909002845,15977.0750960345,15932.2782466975,15910.827976921,15942.893033893,15961.1377871526,15962.3817242456,15962.307921911,15826.3349337613,15963.1766388847,15963.1488015725,15962.2397013752,15965.7065736707,15965.6797981315,15966.2145686638,22791.8537037533,22892.8174907784,22892.9506245146,22895.7292046248,22866.1473122954,22894.5986609568,22896.923822922,22897.0981842138,22895.7629827642,22896.5691849649,22864.287117429,22867.9507186956,22896.5874034596,22897.8421585634,22715.5394503978,22896.4689449594,22896.4932260615,22896.4354055409,22896.4355134179,22896.9265720718,22898.5008780906,22898.070643188,22852.2039091346,22896.1990289484
23994.5398310521,23996.8341307411,23996.8740124595,23997.1686438899,23997.4796749329,23997.4581795081,23997.452170327,23997.4463712519,23997.4426011005,23997.507773158,23997.4899903075,23997.4766573251,23997.4745763735,23997.4667730548,23997.4853509144,23997.4449655113,23997.409122754,23997.4405740489,23997.4678847966,23997.4645783939,24000.5559071779,24000.5348712251,24000.4977882241,24000.826545584,24000.951297922,24001.1096361376,24000.8954546647,24001.1634858614,24000.9951267241,24001.0318721434,24001.018825799,24000.9287012982,24001.0443203768,24001.0323768442,24001.1131663083,24000.9298046665,24001.0755116683,24001.1634247079,24000.9445198799,24000.717261571
